1099,<p>求关注</p><p><b>树下野狐的搜神记</b>，这本小说可以说是远古级别的神作了，印象中比诛仙都还要早一些，作者树下野狐是北大的毕业生，文字功底深厚，想象力天马行空，搜神记系列，构造出了一个宏大瑰丽的中国上古奇幻世界，里面的人物也是栩栩如生，让人印象深刻，号称开创出了华语奇幻文学的新局面，我认为这个评语十分恰当。我最喜欢这本小说的倒不是剧情，而是作者汪洋恣肆的文笔与想象，那些上古的千万事物，太迷人了。</p><p><b>跳舞的猎国</b>，我认为这是跳舞非常成熟的一部作品了，虽然没有恶魔法则那种少年气，想象力纵横的大场面，可是变得深沉厚重了许多，其中许多都内容都值得仔细的品味，比如说地精日记那一段，从两个不同的角度，描述了地精文明的衰亡，给人一种深深的沉思，强大的文明或许会因为自己的自大与傲慢，而将自己的毁灭，人为的制造出束缚自己的神，更好像是对于我们国家的一种影射，因为我们国家许多人都认为，需要一个像西方宗教那样的东西，来保持我们的信仰。</p><p><b>知秋的十州风云志</b>，知秋也是一个远古的大神，曾经写过一本叫做历史的尘埃的喜欢小说，这本十州风云志是一本东方式的仙侠，主角好像是一个道士，然后和一个佛家少女一起冒险，揭开了武林之中一个天大的阴谋。人物非常的生动，至今记得那个为自己弟弟而死的唐家天骄，唏嘘不已啊。还有书中反派的可怕计划，也叫人毛骨悚然。</p><p><b>烽火戏诸侯的剑来</b>，他写的雪中悍刀行我也看过，只不过不是太喜欢，但是这本新书却是异常的对我的胃口，虽然也有升级，可是这本小说最主要的应该还是剧情吧，从现在来看，主要应该是讲述浩然天下之中各种思想的代表人物之间理念的碰撞，激发出了许多令人感慨的故事。最重要的场面好看啊，所有人都充满了一种淡淡的装逼感，看起来赏心悦目。</p><p><b>禹岩的极品家丁</b>，这本小说虽然通俗小白，可应该也走得是剧情流，主要就是写主角和一个个女人之间的爱恨纠葛，每一段故事都很令人感动，特别是到了小说的最后，还有一个登峰造极的高潮，很难想象在前面那么多故事的叠在之后，作者还能够有那么深厚的笔力爆发出如此巨大的能量，当然也能够让人石更不已。</p><p><b>月关的回明</b>，锦衣夜行。月关写的小说，女性人物特别的生动，几乎每一个都叫人难以忘怀。只不过，我更想推荐他的<b>新书逍遥游</b>。我认为逍遥游是月关的巅峰，首先是文字上已经达到了一种在网文之中可以称得上炉火纯青的程度，再次就是月关将剧本写作的一些手法融入了小说写作当中，取得了出乎意料的效果，各种巧合、冲突，接二连三爆发，让人目接不暇，叹为观止。都说猫腻什么的文青，实际上月关的文字功底，绝对不会比所谓的猫腻、烽火稍逊。</p><p><b>傲无常的花都十二钗   </b>。这是一本兵王归来的都市小说，算是这种类型的老祖级别作品吧，很多套路都是这个作者开创的（准确的说应该是从他写的老婆爱上我开始），这本书也可以算作是剧情流作品，因为推动这本小说的矛盾进展，主要是依靠主角和几个女角之间的互动、冲突。其中很多内容，足以叫人看炸，你懂得。超级喜欢里面的一个人物，迟宝宝。写的太好了！</p><p><b>愤怒的香蕉的赘婿。</b>这是一本架空的历史小说，跟庆余年很相似，先写家，主角利用他的手段翻云覆雨，主要是一些商业手段，然后写国，好像是主角平定国内叛乱，最后写天下，国与国之间的争斗。格局很大，表达出来的东西很多，内涵也深厚。而且有着各种出乎意料的剧情。主角第一次的杀人，主角剿灭梁山，主角在金銮殿之上轰杀皇帝，都堪称经典。香蕉是一个特别擅长把握、捕捉人情绪的作者，时常能够写出让人激动不已的高潮。爽爆。</p><p><br></p><p><b>猫腻的间客：这里提前说一句，只评价书，不评价作者，要评价作者的请走开。</b>这本书是我最近看完的，之前看过开头不过没有坚持下去，这一次我直接从第二卷开始看，一口气将整本书看完了，看完之后，真的很震撼。这是一本极好的书，极精彩的书。吸引我的点，在于主角许乐的石头性格，面对联邦之中各种各样的力量、理念、思想，他始终坚持最简单的判断，错的就是错的，如果当人们做了错事之后而逃脱了审判之后，那么他就会用自己的力量去审判，即便对方是实力强大的议员，即便对方是帝国的亲王，即便对方是联邦的总统，即便对方是那些各种各样强势的大人物。这种个人英雄主义看起来是真的带劲！鲁迅的遗言说，我一个都不原谅，这种绝不妥协的精神，在许乐的身上，得到了最好的体现！</p><p>书里面有很多猫腻的私货，有些东西我是跳过去的，有些东西是粗略看过一点的，那些东西并不见得正确，就比如说书里面最重要的一条观念吧，说是如果想要实现一个伟大的目标，但是却用了错误的方式，那么不管这么目标如何的伟大，它就是错的，放到历史之中去观察，这一点几乎没有意义，因为人不可能犯错。可是，它却能够给人带去一点思考，而这种思考，是如此的简单，就如同黑与白、正与邪那样简单，所以尤其具有巨大的力量，能够让我们对生活之中许多现象，许多我们习以为常甚至是认为天经地义的现象，提出尖锐的质疑与批判。</p><p>愤怒的香蕉说，网文想要立足，就要承担一种责任，启蒙民众，将他们引领到更深的层次去，间客在某些方面说，应该是做到了这一点。</p><p>当然这毕竟是小说，决定一部小说精彩不精彩的永远是曲折跌宕的情节，以及多姿多彩的人物，还有精彩刺激的打斗。</p><p>在这些方面，间客在网文之中，说是登峰造极，没有任何溢美之词，完全可以和亵渎、雪中悍刀行、赘婿……这些优秀小说进行比较。间客的情节，按照猫腻的话来说，是老瓶装新酒，里面运用了无数精彩的情节架构，但是运用之余又有着各种各样的独特创造，这样说的话，有着说空话的嫌疑，不过具体举例子的话，又可能剧透，很是纠结，大家如果好奇，可以自己去看。我感觉最突出的特点，就是主角经常陷入十死无生的绝境，然后在这种情况之下，主角往往做出最出乎意料的举动，让常人完全想象不到的举动，然后逆转死局。那是一种坐过山车般的感觉。</p><p>人物这方面可以说的就更多了。这里面的人我认为可以分成三部分。第一部分是上一代的老人，他们有着传奇的故事。第二部分是主角以及主角的朋友们。第三部分就是大反派和反派的朋友们。庞大、繁复，而又清晰。绝对的正邪之分在这里面是不存在的，每一个人都有着自己的坚持与理想还有过往，因此显得格外的生动格外的有感染力。就算是里面最大的反派帕布尔，到了最后也依旧散发出很惊人的魅力，让人无法确定他究竟是正是邪，从而引起很深的思考。</p>
262,"[陈二狗的妖孽人生] 作者，烽火戏诸侯。<br> [老子是癞蛤蟆 ] 作者，烽火戏诸侯。<br> [雪中悍刀行 ] 作者，烽火戏诸侯。<br> [史上第一混乱 ] 作者，张小花。<br><br> [锦衣夜行 ] 作者，月关。<br> [官居一品 ] 作者，三戒大师。<br> [择天记  ] 作者，猫腻。<br> [鬼吹灯 ] 作者，天下霸唱。<br> [悟空传 ] 作者，今何在。<br> [网游之纵横天下 ] 作者，失落叶。<br><br>以上都是各网文系列，我心中的代表作。其实，择天记和斗破苍穹我挣扎了很久，都是异世大陆修真玄幻系列，择天记，文笔很好。情节合理，设定合理，引用故事合理，就是还没看完。斗破毕竟一代宗师，除了情节拖拉，字数啰嗦，对白重复，结尾扯淡以外，真的不错。这两本各有千秋吧！ <br><br>说点重点，陈二狗的妖孽人生，这本书，实话实说，影响了我的做人做事。一个对你的人生有了改变的书，无论好坏，真的挺可怕。有人说，装逼文，有人说，烂尾。有人说，不现实。我也说说我的感受，看山不是山，看水不是水。有人看到了装B格调。有人看的由爱生恨。有人看的格局过大。而我，却看到了，一个底层男人如何在社会上立足。言语不多却触及心声，鼎力推荐。<br><br>官居一品，真是老辣无比，文章中所透露出来，表达出来的，绝对不是快餐文，小白文可以比较的。对明史的研究可以说别有一番了解。一个网文作者，对中国历史，对国情，对国内各阶级，对封建文化，可谓说下了功夫。这样的作者，真的值得尊敬。里面提到的改革，有些问题，放置今天，都可以借鉴。所以，也推荐大家看看。<br><br>老子是癞蛤蟆，如果说二狗讲述的是一个底层男人立足社会。那么癞蛤蟆就是一个富二代，又如何踏入社会。两者有共同点，但又完全不一样。智慧，永恒不变的话题，但在绝对的实力面前，不值一提。所以，去看看癞蛤蟆是如何吃到天鹅肉的。<br><br><br>雪中悍刀行，一本玄幻武侠，一本格局武侠，一本装逼武侠。烽火戏诸侯的文笔如何，不用我多介绍，老书虫都知道，全网公认第二，没人敢第一？这厮知识面也是广的吓人，写什么像什么。往往还有自己的独特见解，不服不行。但这厮路子，太野。野到不按常理出牌，因为这本书居然完结了？烽火的读者有这么个毛病，写完写不完，骂。一部小说，写完了会有人骂，因为太多的坑没有填，结局也不是大家所能想象接受的。写不完了，大家都骂！区别仅在于，人多和人少。所以，去看看吧。不会让你失望的。只会让你去作者微博下，骂人。<br><br>下面说说张小花，张小花这名字咋一听，是个姑娘名。其实仔细一听，也是姑娘名。09年新疆断网，闹书荒，在新疆人自己弄的电子书网站上无意间找到了这本书，读完了。怎么形容呢？感觉找到这本书，用光了2009，2010，这两年的运气。呵，这本书，我xx。你从来无法想象，一本书可以让你的脑洞开的无法想象的程度！一本可以让你笑得死去活来的书！我已经在故作淡定了，毕竟作为一个男人，经历过风雨的男人，不能瞎带亢奋。这本书，那一段时间，我介绍给了全公司。不说百分之百吧，百分之九十吧，下班都没有娱乐项目了，就剩下，看电子书。然后那半个月左右的话题都是张小花。不知道这个来自内蒙满脸胡须喝酒如饮水茅坑拉屎脸朝外的汉子，看到了会不会感谢我。我不说内容，就是留给你们去看。因为，里面没有一段不精彩。好书，值得推荐。<br><br>锦衣夜行，月关的书。对场景的刻画，对人物的描写可谓细致到了极致。只有这样，才能在读者的脑海里浮现出来作者描写的那一幕。这是很多网文作者都无法达到的，这也是对文笔实力的一种证明。由于我自身喜欢历史，历史中又最喜欢明史，所以当时又读到这本书，那整个弄得是欲罢不能。月关这个四十岁的人，写这本书，绝对是书破万卷，其文也成，二十四史不敢说，关于明代的历史他一定没少读，虽然我在一些人物观点，事情看法上与他向左，但他绝对无愧于开创明朝穿越第一人这个称号。他的文笔有一种天下舍谁的霸气，但又隐然含蓄，恰恰就是作者笔名的映照。我推荐，关注月关，好书不断。<br><br>天下霸唱这个人，一夜成名。快到令人发指，因为在网络时代，你压根就不知道这个人是如何火的就火了。同理，我一开始真以为鬼吹灯就是本破书，你听名字！x，差点错过！这书，神作。我指的是第一部四卷。开山鼻祖古墓派。其他那些也号称古墓派的，真的好意思吗？同样的把书翻开，看两段，你会选择什么鬼吹灯还是别的？说实话，我直到今天都在怀疑这本书是不是张牧野写的，他怎么会知道这么多？各地人文风俗，地理历史，尤其是东北，西藏，哎，一个那么年轻的天津人能写出这本书？再看看我这年纪。。算了，不讨论这个。说书，这本书，是我07年买的第一本实体书。看网文这么多年，第一本实体书，啧啧，想想吧。推荐！大写的！<br><br>悟空传，其实我是真的不想推荐这本书，对年轻人打击太大，整个颠覆你的三观，原来从小简简单单耳濡目染家喻户晓的西游记的世界这么阴暗？从而联想到社会上各种阴暗面。甚是残忍！但，有的时候提早接触总好过吃亏上当被别人卖了还帮人数钱强吧？如果真的感觉看一本书要思考人生，思想，信仰，欲望，存在，等等一系列东西，还有很多的插叙，倒叙，让你一遍看不懂，至少两遍启蒙，你会不会觉得很变态？恭喜你，你不适合看这本书。去玩一个游戏吧，就像看电影一样把它穿插剧情看完，那个游戏叫斗战神。噢，还有一首歌，名字叫悟空传。你可以边玩边听。老带劲儿了！以上种种，是我推荐的理由。文字中所包含的道理请自行理解与运用，至于你将来是变成枭雄也好，还是小人也罢，那是你的事。我只想做我的大英雄。请带有批判性的去阅读，你要相信，相信我们会像童话故事里，幸福和快乐是结局。题外话：这书近来拍电影了。点评送套餐，附赠诗一首：今日放下手中事，何处去快活？在哪美女都一样，屌大不嫌多！<br><br>网游系列，我觉得写的最好的就是失落叶，虽然千篇一律，但你从故事整体衔接以及人物设定和发展来看，比较合理。网游小说，不同于别的题材，设定只要合理，情节是随着文中的游戏主体发展而发展的，很多网游小说的作者把网游类型能写成都市软文，我也是佩服。画虎不成反类犬，重点都不知道抓那些，写什么小说？闹笑话。所以，网游描写为重点，现实生活为侧重点，一个整体结构就不会散，在合理的设计几个人物，一篇网游小说就完成了。所以，失落叶的小说，值得看。而他网游三部曲里面，我推荐网游之纵横天下。话说，你们有没有觉得现在的VR游戏就在朝着这些网游小说在发展？<br><br>华丽的分割线没有，有的只是结尾的话，以上都是我读书的感受，和你们什么关系都没有，你们要觉得不合适，不是你心中的目标啊，那么请出门右转，左转也可，爱去哪去哪儿。<br><br>好了，回答完毕。<br><br><br><br>                             黑白<br><br><figure><noscript><img data-rawwidth=""541"" data-rawheight=""960"" src=""https://pic4.zhimg.com/v2-033a42fe53fdccc9ef045bc22d91142f_b.jpg"" class=""origin_image zh-lightbox-thumb"" width=""541"" data-original=""https://pic4.zhimg.com/v2-033a42fe53fdccc9ef045bc22d91142f_r.jpg""></noscript><img data-rawwidth=""541"" data-rawheight=""960"" src=""data:image/svg+xml;utf8,&lt;svg%20xmlns='http://www.w3.org/2000/svg'%20width='541'%20height='960'&gt;&lt;/svg&gt;"" class=""origin_image zh-lightbox-thumb lazy"" width=""541"" data-original=""https://pic4.zhimg.com/v2-033a42fe53fdccc9ef045bc22d91142f_r.jpg"" data-actualsrc=""https://pic4.zhimg.com/v2-033a42fe53fdccc9ef045bc22d91142f_b.jpg""></figure>"
187,首推《鹤唳华亭》，个人认为在目前的网文中无出其右。<br>已向季春，感慕兼伤。情不自任，奈何奈何<br><br>再推《吉祥纹莲花楼》，不为李相夷，只为李莲花<br>玉壶西映木兰杯，一床明月照床扉。此剑已当沉西海，却问白杨悲不悲。<br><br>三推《昭奚旧草》，作者心思奇巧，文风诡谲，使人不忍猝读<br>奚山望岁三百年，公子扶苏胡不归<br><br>以下排名不分先后:<br>《杯雪》<br>桃李春风一杯酒，江湖夜雨十年灯<br><br>《无心法师》<br>“张显宗，我牙疼。”<br><br>《寂寞空庭春欲晚》<br>寂寞空庭春欲晚，梨花满地不开门。这一生还这样漫长，可是已经结束了。<br><br>《七夜雪》<br>晚来天欲雪，能饮一杯无<br><br>《琅琊榜》<br>遥映人间冰雪样，暗香幽浮曲临江<br>遍识天下英雄路，俯首江左有梅郎<br><br>这样一看，好像都是BE啊<br>想到再更
98,<p>最喜欢的一票投给《贩罪》</p><p>三天两更哦不，觉大更多被人所知的是《惊悚乐园》，但我更喜欢《贩罪》，这篇作品我个人认为可以算是网文的经典之作了，虽然因为小众门类而成绩一般，但却能够让人看到觉大的笔力与想象力！</p><p>推荐理由如下</p><p>1.角色刻画手段高超，各配角同样刻画的十分立体。</p><p>2.主角天一三观极其不正却又正得出奇，与主角身份完美契合。</p><p>3.类pov的写作手法，却完美规避了主角分散的弊端，主角虽然出场不多，但存在感超强。</p><p>4.格局开阔，思路清奇，不同读者在这篇小说都能或多或少地找到自己喜欢的元素。</p><p>5.好吧，这本小说完本了，对于一个被小说耽误的up主，觉大最起码把小说写完了，最重要的是，他不烂尾！</p><p>假装分割线～～～</p><p>最喜欢的另一票投给肘子的《大王饶命》</p><p>说实话，之前看《大王饶命》只是因为榜单，但看了三章之后真特么根本停不下来啊！</p><p>肘子真是一个很用心的作者，我记得蛤蟆在知乎里说过，保证三五章有一个笑点很容易，但每章都有笑点就很难了（大概是这个意思，原话忘了）</p><p>推荐理由如下</p><p>1.主角没下限有底线，看上去很矛盾，但却不是的，主角怼起人来真的没下限，但主角却有着很严格的做人底线，首先主角站得住脚，刻画也很成功，而且已经看出来，主角在一点点转变，还有主角的身份。</p><p>2.吕小鱼，嗯，第二点理由只有三个字，读过本小说的都懂。</p><p>3.无穷的爆笑，诡异却合理的转折，各种机智问答，还有各种爆笑场景，我在读小说的时候，经常发出猪叫一样的笑声，搞得我媳妇经常以为我精神不正常……</p><p>4.傻笑，这一点只有两个字，读过小说的都懂，没读过的，当你看到傻笑两个字的时候，不笑算我输。</p><p>5.情怀与情感，这本小说，我觉得最get我的点，是将令人敬仰的爱国情怀与军人们无私奉献的情怀渲染得淋漓尽致，至于情感，在你笑的时候，突然来一个很挑战泪点的段落，真的是笑中带泪（比如，两个雪人的故事）。</p><p>6.近乎完美的节奏，有人说肘子节奏慢，但是仔细去品，节奏真的很好，让人欲罢不能，在读过一段之后，回头来品，会发现，肘子真的很用心。</p><p>我三天时间读完七百多章，现在在追更，每天读小说最期待的，就是某点app里，大王饶命上有个小红点。</p><p>假装分割线～～～</p><p>第三喜欢的书，推荐给一个小众扑街书。</p><p>《言咒师》作者至爱，很多人或许没有听说过这个小说。</p><p>有一群人，信奉语言之中有着神秘的力量，掌握这种力量的人，便可掌控阴阳。</p><p>推荐理由如下</p><p>1.主角很邪，喜欢玩弄人心，认为人们的所有行为都是欲望所驱，却在几个事件之中，发现人性的闪光点，最终投入到“拯救这个该死的世界”的行动中。</p><p>2.主角是寿命商人，收你阳寿，为你还愿，在一次又一次的交易之中，享受着玩弄人心的快感，设定相对新颖。</p><p>3.人物刻画丰满，比如永远一脸坏笑的言先生，扑克脸谕天明，还有他那个永远爱笑的鬼兄弟阿暗，一心想要弄死言先生又深爱言先生的妖媚女文雅，说句实话，能让我完全记住名字与形象的配角不多，但言咒师绝对在此列。</p><p>4.相对烧脑，故事情节让人读起来或多或少会觉得有点乱，但细细品味，会发现，剧情脉络十分清晰。</p><p>假装分割线～～～</p><p>先写这三本，其他的要慢慢想……毕竟读过的小说虽然多，但真正认为是经典的或者打心里喜欢的，其实并不多。</p>
97,<p>只说一本。  </p><p>《间客》</p><p>这本书不是我看过最好的一本网络小说，但是我推荐每个人都去看一下。</p><p>这么说吧，这本书虽然立意是猫腻那套腐烂的价值观，你可以不赞赏，但是他的切入角度绝无仅有， 在所有小说里可以说独树一帜。</p><p>帕布尔这个角色，在网络小说界他有唯一性的特殊。 越琢磨越有味道。  猫腻凭借庆帝陈萍萍，  还有帕布尔这几个角色就可以在网络小说界封神了，后面写出择天记那种垃圾也不影响他的评价。</p><p>当然间客这本书的价值内核比较反动， 看这本书要有足够成熟的判断力， 从文学角度来看...</p><p></p>
89,让我梦见在这世界上同样孤独的你。<br><br>小说小说，最主要的是什么，是文笔，架构，剧情，和思想。<br><br>网络小说最重要的是什么，是爽和代入感。但是只有在把文笔架构剧情和思想上做到了，但却又身兼爽和代入感的网文，才可以称得上经典。<br><br>网络小说的优势在于任何人都可以看，它不像传统文学那般严肃认真，并且扎根于现实，它最大优势在于：无尽的幻想。<br><br>网文可以任由作者去天马行空，把传统文学不敢写不想写的东西全都呈现出来，穿越，修仙，杀人，后宫，霸道总裁。这些传统文学不屑于去触碰的领域，网文都可以赤裸裸地展现给你，并且因为文笔的低端，不管是谁，都可以找到刺激的爽点。<br><br>说白了，这就是一些野路子出生的作家，和一堆难以融入现实的读者们，共同创造的一个幻想乡。<br><br>所以并不是像很多老白感叹的现如今网文已经退步和商业化，而是幻想这种东西，随着我们年龄的增长和渐渐踏入社会，从我们的脑中消逝了而已。<br><br>现在的我，想要找一本能够读得下去的网文，只能花几个小时找书，几分钟看书，然后花个几秒钟删书。<br><br>看书至今，除了熬夜给我身体留下的不可磨灭的隐患，也许只有这十几年陪我度过一个又一个孤独长夜的幻想，在我贫瘠不值得一提的人生中，熠熠生辉。<br><br><br><br>我心中最好的十本网络小说：<br><br>都市异能：《隐杀》 作者：愤怒的香蕉<br><br>一位在网文和传统文学之间寻求道路的书生，愤怒的香蕉。<br><br>这是一个讲述满身疲累的旅者，在奔波劳碌的旅程中，偶然间发现一间亮起橙黄色灯光的旅馆的故事。一个冷血的杀手，他可以扮演成所有人，聚光灯下的歌者，优秀的学生，精明能干的白领人士，可惜他唯一不会的，是怎样作为普通人去生活。<br><br>这是一个杀手重生，然后遇到一群人，温馨有爱生活在一起的故事。<br><br>杀手，青梅竹马，御姐老师，异能。这些被写烂的桥段，在香蕉手里仿佛焕发了不一样的光彩。香蕉把握住了文学的核心价值，其实不是要有多爽，而是传达了什么。不在于这些狗血的桥段有多少人用过，最主要的是你的文字，你的剧情，是否是你用心去雕琢，而想要通过你的文字，向读者们诉说一些有价值的东西。爽和深度，这才是网络文学应有的样子。<br><br>关于隐杀想要说的太多太多，这是一本在我最黑暗的时候治愈我的小说，我们也许会被时光推向更为深沉的年纪，却不要忘了在年轻时候，是什么让你热泪盈眶。<br><br>“你看，已经过了这么多年了，我也长大了，你说所谓长大到底是怎样的一种概念呢。不断丢弃掉身上脆弱的东西，换上更加坚硬的肢体，为了让自己活下来，不受伤害，手啊、脚啊、脑袋啊、身体里的各种器官啊，全都换得干干净净，就算畸形也无所谓，区别在于别人先帮你换掉还是你自己来。我跟别人说的时候，他们说，大人们是为你好……当然是这样。”<br><br><br>武侠：要说网络小说里其实没有武侠这个分类，传统武侠早已落幕，而新派武侠里只能说各有高下，很难评判出哪一个是最好。网文里所谓的“武侠”，说实话，除了脑洞和新奇，实在没什么营养。<br><br>你要我说如今记忆最深的网络武侠小说，应该是凤歌的《沧海》。《昆仑》虽然是《沧海》的前篇，但是太虐。《沧海》的优势就在于，它虽然是新派武侠，但是却有一个皆大欢喜的结局，而同时也没有丢弃武侠应有的侠义担当和苍凉悲壮。<br><br>最近几年比较好的算是武侠的网文，可能《雪中悍刀行》算半本，流朱碧溅的文笔，可惜太过繁琐，形体更是散的如同骨质疏松的老寒腿，读得太费劲。<br><br>另外最近看priest 的《有匪》，文笔清新，但不失稳重。可惜故事背景太小，爽点不够，女主也很难代入，为天下苍生的主角看太多了，长大以后才知道那样的人在社会上活不过一分钟。所以现在看武侠只能说完全感觉不到代入感。<br><br>《缺月梧桐》这本书就是个另类，江湖本就是人多的地方，有人的地方就有名利纠葛，这本书很赤裸地写出了所谓的“大侠风范”是个什么鬼东西。人的社会性，还是黑白皆占的。
74,《昭奚旧草》书海沧生（此书未在网络连载）<br>《帝凰》天下归元<br>《十年一品温如言》书海沧生<br>《凰权》天下归元<br>《归离》十四夜<br>《全职高手》蝴蝶蓝<br>《怨气撞铃》尾鱼<br>《悟空传》今何在<br>《九州•缥缈录》江南（注:非网络小说，太喜欢就列在这里了）<br>《簪中录》侧侧轻寒
70,最喜欢给别人推书了！<br><br>最喜欢的十部小说：<br>1.《怨气撞铃》by尾鱼<br>2.《美人为馅》by丁墨<br>3.《华胥引》by唐七<br>4.《东宫》by匪我思存<br>5.《盗墓笔记》by南派三叔<br>6.《打火机与公主裙》by Tweenine无量渡口<br>7.《曾有一个人爱我如生命》by舒仪<br>8.《他知道风从哪个方向来》by玖玥汐<br>9.《微微一笑很倾城》by顾漫<br>10.《曾许诺》by桐华<br><br>最喜欢的网文作者：<br>1.尾鱼：本命一生推，擅长悬疑，情节非常棒，感情也都水到渠成，人物刻画很真实，接地气，代表作《怨气撞铃》《半妖司藤》《七根凶简》<br>2.丁墨：作品质量都很高，个人最喜欢她的推理言情三部曲《如果蜗牛有爱情》《他来了请闭眼》《美人为馅》<br><br>再推荐几个冷门作者：<br>1.Tweenine无量渡口：故事引人入胜，常带感伤情调，但人物间的真情往往最打动人，代表作《打火机与公主裙》《那个不为人知的故事》《忍冬》<br>2.赵熙之：不出名，但写的小说都很好看，文笔扎实，不浮夸，代表作《口袋账》《夜旅人》<br>3.这碗粥：小众题材爱好者，她的小说都是别的作者从来没写过的人和事，兼具小黄文气息，代表作《采红》《绊橙》《扶蓝》<br><br>最后，列一发我最近刚看过的比较好看的小说吧：<br>1.《以胖为美》：古代公主带着侍卫，一起穿越到现代，最近比较萌这类古穿今的题材，男主忠犬到不行啊，很有爱。<br>2.《大战拖延症》：男主魂穿到女主的抱抱熊上，关于女主拖延症的描写，很深刻，很有教育意义。<br>3.《我曾在时光里听过你》：电竞高冷男神与美女作家，后期女主较作，整体还可以，书荒了可以试试。<br>4.《屠路》：糙汉与软妹，很符合我口味<br>5.《忠犬》：犬族大将军与狐族小公主，小黄文，肉欲描写很爽...科科，剧情也可以啦，有兴趣的话可以一试！<br>6.《重生之ng人生》：不要被名字吓到，整本书的剧情真的很好，文笔流畅，不做作，推荐。<br><br>暂时就想到这些啦～题主有什么偏好，也可以来交流噢～
66,8年老书虫罗列了各种类型的心目中经典、有特别推荐的都备注了强推.<br>武侠：<br>雪中悍刀行 作者：烽火戏诸侯 （强推、小二上酒！）<br>九鼎记 作者：我吃西红柿<br>龙蛇演义 作者：梦入神机（强推 ）<br><br>仙侠：<br>星辰变 作者：我吃西红柿 （网文不识星辰变 徒称网虫也惘然！）<br>遮天 作者：辰东  （辰东最好的一本书了、强推）<br>通天之路 作者：无罪 （超搞笑。特别猥琐）<br><br>佛本是道 作者：梦入神机（仙侠经典）<br>阳神 作者：梦入神机（强推）<br>永生 作者：梦入神机<br><br>搜神记/蛮荒记 两部曲  作者：树下野狐 （经典 ）<br><br>七界传说   作者：心梦无痕 （比较经典的仙侠了）<br><br><br>玄幻：<br>盘龙 作者：我吃西红柿 （经典西方魔幻）<br>吞噬星空 作者：我吃西红柿 （强推、前期是未来末世、后面就是玄幻了）<br><br>亵渎  作者：烟雨江南。（被称为玄幻鼻祖）<br>紫川 作者：老猪 （玄幻经典）<br><br>斗罗大陆  作者：唐家三少难得的一本可以一看的书<br><br>龙族  作者：江南（强推、没完结、不能完全算网络小说）<br><br>斗破苍穹 作者：天蚕土豆 （前期超经典 后面有点烂尾）<br><br><br>黑道：<br>坏蛋是怎样练成的 作者：六道 <br>陈二狗的妖孽人生 作者：烽火戏诸侯 （强推、前面超好看、可惜烂尾 哎）<br>邪气凛然  作者：跳舞<br><br>历史：<br>庆余年 作者：猫腻 （强推  架空历史 缺点是三观有问题）<br>锦衣夜行 作者：月关 （明朝）<br>曹贼 作者：庚新 （三国）<br><br>网游：<br><br>高手寂寞 作者：兰帝魅晨（强推、其实算作武侠也行）<br>全职高手  作者：蝴蝶蓝 <br>太虚幻境  作者：纳兰容若（网游中的历史文 推荐）<br><br>盗墓：<br>鬼吹灯 作者：天下霸唱。（强推）<br>盗墓笔记作者：南派三叔 （我会说盗墓最开始是鬼吹灯的同人小说嘛？）<br><br>无限流：<br><br>无限恐怖 作者：Zhttty （无限流鼻祖）
44,<p><b>《猎国》  作者：跳舞</b></p><p>    这真的是一部有格局的小说，真希望舞大当时能好好把这本书写完，而不是在大局刚展开的时候仓促结束。(记得是555章 三变 断更了很久，为什么记得这么清楚，因为每次我记不清楚剧情了，又怕舞大突然开更，就一直看前面的，每次看到这里就断了。)</p><p>    虽然这本书只是关于一个大陆的历史和战争，战斗能级也最多算低武，但是这本书最妙的就是让我感受到了看金庸小说的感觉，精妙而且有趣</p><p>    小人物，大的格局，里面的每个人都是有血有肉生活在那个世界下的，他们有自己的悲苦和历史，虽然只是小格局的战斗，你却总能感受到看指环王的那种感觉，庞大的世界观在后面显现。</p><p>    就是因为这点，当时舞大说指环王也是通俗小说我是赞同的，因为看着本小说的中间部分，我感觉舞大其实真的用心，也能写出来指环王那样的作品，后来嘛，emmmm</p><p>    非常不错的小说，光看前五百多章就够了，地精大陆的史诗</p><h2><b>   《大圣传》  作者：说梦者</b></h2><p>    虽然上面的小说我也很喜欢，但是我最喜欢的网络小说还是说梦者的这本《大圣传》，甚至超过了对很多实体书的喜爱，这本小说其实我很多时候就想说一下了，但临到下笔，却总是不知道怎么说，因为一想好像除了文字很有感染力也没什么好说的了。</p><p>    最近再重新看了一部分，突然发现这本书为什么对我的意义是那么大，它教会了我很多的东西，要坚强，要专一，要永不放弃。在看这本书以前看的网络小说，不管写的再怎么样，还是在用网文的形式去写小说，虽然有格局有文笔，但是总是差了那么一点，你不会觉得自己受到了感触，因为没法感受到作者的情感，总感觉这里明明可以写的更精炼和细致，他们不会去写，这里可以写的更加深入和放开，他们也不会去写，说梦者不一样，他敢，他敢用自己的情绪去写小说，将自己的情感完全地感染到你身上</p><p>    他将所有的多余的话都去除掉，只留下必要的文字，让你感觉他的文字有了筋骨，剩下部分的留给你自己去感受，但这种感受真的是一种很深的感受。</p><p>    他写的这本《大圣传》，怎么说呢，还是一本升级流的小说，但当时看的时候，这本书从头到尾都在从字里行间给我传出一种不服输的精神，就是一种即使身在泥潭，也要像牛一样不服输的精神，说起来简单，但这么多年了，也就寥寥几本小说给了我这样的感觉</p><p>    想了一想，这也许就是作者的个人魅力渗透在了作品里面吧，他一直想传递的就是纵使遭遇困难，可是不服输的精神可以战胜一切（当然，我们都知道现实世界是很难的，我们也不是主角，不过小说里面，希望还是要有的）</p><p>    不过这本书停更一年了，作者在重看大纲，准备开写，慎点。</p><h2><br>《疯巫妖的实验日志》作者：愤怒的松鼠</h2><p>    这是我<b>最喜欢的几本小说之一</b>，几年前看的小说，觉得特别特别的好看，现在再看呢？依然好看，封为神作。</p><p>    书里的每个人，每段故事，都是有血有肉的，没有什么套路，就是慢慢去挖掘作者想要给你的世界，然后被这个世界所感动，被世界里面的人的经历触动</p><p>     作者是一个玩梗狂魔，当然搞的主角罗兰也变成了一个逗比，但本质上来说其实罗兰是一个悲剧男主，他的每一世都在悲剧和噩梦中度过，就像罗兰自己所说：<b>在疯狂中诅咒上天的不公，在冷静地时候就痛恨自己的无能</b>。</p><p>    最让主角痛苦的就是跟随在他身后的亡灵军团，那是他的族人，也是他的希望和绝望。</p><p>    身为亡国之君的疯巫妖去抢兽人小萝莉的棒棒糖，扯淡的开头，但一片史诗慢慢展开，世界观很完整和让人震惊，剧情更不用多说，一个让人震撼的新世界。</p><p><b> 值得一看再看的好小说</b></p><p><br></p><h2><b>   《崩坏世界的传奇大冒险》  作者：国王陛下</b></h2><p>    一时间没想到其他的小说，先写一本自己这两年看了觉得不错的吧。虽然这本书剧情很碎，但也是我唯一能看几遍的小说了，当然仅限前面几百章，真的不错。</p><p>    这本小说，怎么说呢，神吐槽，剧情神展开，游戏玩家对这本书的代入感应该不错，剧情可以说是非常搞笑了，值得一看，也值得多看。</p><p>《崩坏星河》，同一个作家的作品，但是这是作者后期成熟之后的作品，更值得一看，《崩坏世界的传奇大冒险》后期有点太崩了没法看，前期还是很神作的。</p><p><br></p><p><br></p><h2>《鬼吹灯》  作者：本物天下霸唱</h2><p>    看过的最好的盗墓小说，<b>对我来说</b>，《盗墓笔记》比这个差了几个段位 ，有空再更。</p><p>  ps：这是对我来说，属于个人看法，我自己就是觉得鬼吹灯比盗墓笔记好看太多了，所以不用多说了</p><p><br></p><p>《陈二狗的妖孽人生》，看的时候觉得很好，情感出来之后觉得其实一般。</p><p><br></p><p><b>   现在大部分小说是什么节奏？</b></p><p>    世界观只靠开新地图，套路就是打脸/夺宝/美女倒贴，莫名其妙的剧情，莫名其妙的仇恨，莫名其妙的各种路人配角智商低成草履虫，跑过来挨打。</p><p>   主角也一般是一个人品低下没有奇遇就是个废物垃圾的人渣，见什么好抢什么，自带智障光环，路人配角见到他就自动上来送人头送经验送装备，看完智商都掉光了</p><p>    主角和作者就这么天怒人怨，世界里就没有一点正能量的东西，好像只有打脸才能勉强生活的样子。主角的世界呢？只有一堆城市名和物种名，剩下的全靠读者自己的想象力，没有一点格局和世界观。看多了也就腻了。</p><p>    所以写一下自己认为很好的，有世界观有格局，有自己想法的作者和作品。</p>
37,写一下我看过且我认为比较好的网络小说吧。<br>第一名给《雪中悍刀行》《剑来》<br>第二名给《庆余年》《赘婿》<br>第三名《将夜》《上品寒士》《择天记》《唐砖》<br>第四《老子是癞蛤蟆》《陈二狗的妖孽人生》<br><br><br>比第一还要高:《达盖尔的旗帜》+《技术讨论区》≈t66y<br><br>纯粹个人喜好排的，不涉及其他。
32,<p>习惯呕吐的小说，很坑爹的是她本本太监。</p><p></p>
28,<p>按系列安利，10个系列，每个系列2~3本</p><p>不算新武侠、</p><p>不算大佬跨界（马亲王、赤军等人）。</p><p><br></p><p>如跳舞所言，现在的读者阅读碎片化非常严重，连带着小说也开始重情绪轻主线。而我恰恰不喜欢这类小说，所以这个回答以推荐大格局、长主线、重剧情、重设定为主的作品。</p><p><br></p><p>这将导致本回答提到的作品几乎全是老书或者天坑。</p><p><br></p><p>穿越类：新宋、指南录、临高启明</p><p>（宋粉和明粉才是穿越小说的最大受益者~）</p><p>西幻类：亵渎、历史的尘埃</p><p>（西幻已经过气了，当然过气前也没什么好作品）</p><p>仙侠：幽冥仙途、尘缘、雪中悍刀行</p><p>（大总管终于完结了一本，我觉得雪中比乱世铜炉强一点）</p><p>意识流：悟空传、高手寂寞</p><p>（我不喜欢意识流，但不得不说这两本写的很好）</p><p>玄幻：风姿物语/阿里布达年代记</p><p>（大部分玄幻都脱不出日漫的影响）</p><p>洪荒流：搜神/蛮荒记</p><p>（神机和血红演绎神话的水平大概是狐狸的五分之一）</p><p>都市流：官商，余罪</p><p>（都市流都快被焚化部阉了，且行且珍惜吧……）<br>无限流：无限恐怖，王牌进化</p><p>（无限流除了张恒和卷土，剩下的作者都是垃圾）</p><p>废土流：狩魔手记<br>（废土流全是龙傲天变异或者种田，没啥意思）</p><p>军事：弹痕、野枪</p><p>（也快被焚化部砍死的流派，现在只剩各种重生之都市兵王泡妞录了）</p><p>（纷舞妖姬当编剧去了）</p><p><br></p><p>以上~</p><p><br></p><p>PS：三本烟雨江南的书，我这个烟丝当的很合格啊……</p><p><br></p><p>附加几个类别：</p><p>网游：网游之风流骑士、猛兽记</p><p>（网游小说也就寥寥几本能看，这两本是两个极端）</p><p>小白文：遮天，斗破苍穹</p><p>（斗破是小白文的模板，遮天是小白文的上限）</p><p>电竞：流氓高手，王者时刻</p><p>（电竞文真没几本能看的，蝴蝶蓝实力是有的，节操是掉光了的）</p><p>国术：龙蛇演义</p><p>（国术流太小众了）</p><p>惊悚：地狱公寓，楼下的房客</p><p>（惊悚绝对不能沾玄幻，地狱电影院就是反面教材）</p><p>探险：藏地密码，鬼吹灯</p><p>（如果看过鬼吹灯就没必要再看其他盗墓了，女生除外）</p><p>科幻：大宇宙时代，师士传说</p><p>（起点科幻都不叫科幻，这两个是瘸子里挑出的将军）</p><p><br></p><p>女频真没关注过……</p>
27,论文笔构思首推《鹤唳华亭》<br>然后就是我喜欢很喜欢的《昭奚旧草》<br>（这本太虐，我最喜欢青城那一篇）<br>还有《东宫》<br>昭奚旧草和东宫在我心中排虐心前两位<br>（昭第一阿）<br>目前正在连载还没有出书的《同学录》也蛮不错<br>轻松暖心点推《骄阳似我》虽然一直没有下部<br>短篇小说我要安利一个作家 喜宝<br>她的文笔我很喜欢  长篇推《深海夜未眠》，短篇可以去她的贴吧里面找<br>墨宝非宝的书一直不感冒，匪我思存的还可以<br>最近在看twentie的  觉得很不错  可以先看《我家二爷》<br>好吧(∩_∩)没有凑够十篇<br>以下是我的感想<br>看言情小说的感想<br>我觉得言情小说很容易陷进一个套路<br>我一直都想不通<br>男主要开始亲女主啦，男主女主要开始ox了<br>为啥导火索都是 <br>哦，女主嫣红的唇，哦，女主娇好（好像打错了）的面容，当然还有一些……（你们懂得）<br>我就很想为女二女三正言啊<br>（我也很美，为啥你就对我没非分之想啊！！！）<br>好吧(∩_∩)，我就是想说<br>作者写男主只爱女主一个，但是整篇看下来（可能我眼拙）只捕捉到女主的颜吸引到了男主，那为啥同样meimei的女二男主就不睬内？？？<br>所以言情小说中的爱情要塑造唯一不应只靠女主的颜和男主的姓欲吧（打错因为我害羞）<br>我认为当今很多言情小说打着爱情的旗帜给读者提供意淫的机会，用很多故事，背景做载体但就是  一次读者  意淫的  旅行<br>欢迎交流
22,"<p>今何在的《若星汉天空》</p><p>宏大的设定，重返阳光之土悲壮的战争，魔王的宿命，人性的拷问，命运的轮回……</p><a data-draft-node=""block"" data-draft-type=""link-card"" href=""https://www.zhihu.com/question/268567702/answer/372860747"" data-image-width=""0"" data-image-height=""0"" class=""internal"">有哪些网络小说是尽管主角很努力，最后却是一场空的？</a><p></p>"
21,《惊悚乐园》<br>《贩罪》<br>《我当上帝那些事》<br>《极道毁灭》<br>《言咒师》<br>《宗教裁判所》<br>《无限作死》<br>——————<br>《黑暗学徒》<br>《惑国毒妃》<br>《宦妃天下》<br>《绣色可餐》<br>《百年家书》<br>《战起1938》<br>《同学两亿岁》<br>《大家认为爹太抢戏》
20,<p>《迦南之心》  - 《琥珀之剑》 - 《伊塔之柱》</p><p>《生活在异界》 </p><p>《希灵帝国》 - 《异常生物见闻录》 - 《黎明之剑》</p><p>《走进修仙》 </p><p>《亡灵执政》</p><p>《魔法学徒》</p><p>《修真聊天群》 </p><p>《武道宗师》- 《灭运图录》-《一世之尊》 - 《奥术神座》 - 《诡秘之主》</p><p>《王国血脉》</p><p>《法师故事》（索斯）-《剑与魔法与出租车》-《白旗超限店》</p><p>《都市妖奇谈》</p><p>《宰执天下》</p><p>《圣十字》</p><p>《谋国》</p>
