3767,"<p>这个答案终于结束更新，表面原因是工作太忙没时间看书，其实是我的铁颈椎终于出了问题，一晃脖子咔咔作响。所以，小说虽好，也不能贪多啊！</p><p>以下是原答案。</p><p><br></p><p>以下很多书都是看过不止一遍的，没题主说的那么严重，算是推推书吧，注明作者一是向他们致敬，二是为了方便大家找同个作者的其他作品。排名不分先后，聊到哪儿是哪儿。</p><p>1、锋锐的《复活之战斗在第三帝国》（万年老坑终于开始填了，堪比当年老猪填紫川）；</p><p>2、灰熊猫的《伐清》（搞笑中别有一番哲理，他的《窃明》《虎狼》就不多说了）；</p><p>3、徐公子胜治的人鬼神系列（靠谱的修仙教程，不一样的仙侠体验，仙草，大爱）；</p><p>4、录事参军《重生之官道》《我的老婆是军阀》（很大气的书，其中官道我看了不下四遍，不信天上掉馅饼的《重生之衙内》也不错，虽然有些俗套）；</p><p>5、烟雨江南《罪恶之城》《亵渎》《狩魔手记》《尘缘》（此人出品，必是精品）；</p><p>6、常书欣《黑锅》《超级大忽悠》《余罪》等（都市好文，强力推荐。作者没什么名气时相当勤奋，好书不断惊喜连连，大火之后反而懒散了，让等书看的小白们情何以堪）；</p><p>7、特别白《锦衣当国》（窃以为这是作者目前所作四本明穿书中最好的一本，其他三本为《恶明》《顺明》《大明武夫》，好书。刚发现，原来特别白也在知乎混）；</p><p>8、撒冷《艳遇谅解备忘录》《yy之王》《仙魔经纪人》（艳遇这本书称得上人生恋爱教程，老书中的经典，撒冷当年红极一时，很是写了几本好书，可惜后来作者忙着把《诸神的黄昏》改编成网页游戏，逐渐荒废了写作）；</p><p>9、血红《邪风曲》（血红的书我只看的进这一本，奇怪）；</p><p>10、七十二编《冒牌大英雄》（又一本抹了断续膏的太监文，神书）；</p><p>11、随轻风去《奋斗在新明朝》《大明官》（有趣的书，闷骚的作者，深得吾爱）；</p><p>12、如莲如玉《小地主》（情真意切，感人肺腑的种田文）；</p><p>13、阿菩《唐骑》（大唐的逆袭，热血文）；</p><p>14、肖申克117《普天之下》（穿越者潜伏逆袭蒙古帝国，值得一看）；</p><p>15、晴了《调教初唐》（穿越大唐经典小说，连载时极受欢迎，此后作者有江郎才尽之嫌）；</p><p>16、多一半《唐朝好男人》（唐穿小说里程碑式作品，作者是高级知识分子，书香门第出身，作品恬淡温馨又不失幽默，从文风到情节堪称开创了一代穿越新潮流，可惜写到后面改出实体书，更新比奥特慢奥公公还难，我跟读了N年，曾亲眼目睹许多著名太监出宫，都没看到这书的结局，不过据说书已完本，那就慢慢等吧）；</p><p>17、天使奥斯卡奥公公奥特慢的书（从追看1911时的惊为天人到后来的无尽怨念，爱恨纠结中……）；</p><p>18、戴小楼《大明春》（各种好看，可耻的太监，可谓爱之深责之切，此书虽然进宫了，依然值得一看，推荐）；</p><p>19、落魄三哥《怒海归航》《乌合之众》（此人所著全是太监，书是好书人是奇人，慎入）</p><p>20、骁骑校《国士无双》（大时代的一朵浪花，李云龙一般的真汉子）；</p><p>21、老白牛《明末边军一小兵》（尚未完本，暂停一年刚刚又开始更新，据说这次肯定完本）；</p><p>22、赵子曰《蚁贼》（元末乱世，看邓大官人既不大炼钢铁，也不私造玻璃，由马贼而红巾，由红巾而逐鼎。此书构思宏大文字精炼，人物刻画栩栩如生跃然纸上，实为穿越文中不可多得的好书）；</p><p>23、得闲读书《台湾娱乐1971》（合理党，另有一品黄山的《东方好莱坞》与此相似，书不错，可惜有些烂尾）；</p><p>24、蝴蝶蓝《全职高手》（好书不解释，笑得不要不要的）；</p><p>25、八宝饭《大唐新秩序》（十三太保的年代，武人的时代）《道门法则》（另类的修仙，极度搞笑，入宫）；</p><p>26、草上匪《草清》（反清的另一条思路，和平演变）；</p><p>27、吹牛者《临高启明》（群穿典范生存教材，类似的还有迷失在一六二九、新世界1620、穿越1630之崛起南美、远东1628，写得各有千秋）；</p><p>28、无语中《曲线救国+二鬼子汉奸李富贵》（老牌经典，无节操无下限）；</p><p>29、苍天白鹤《星际之亡灵帝国》《异界之光脑威龙》（升级流爽文，解闷专用，后来写的《武神》虽说质量不减，深受某点广大小白追捧，但套路化同质化严重，作者始终没能跳出来，遗憾）；</p><p>30、蚕室废人《北唐》（好书！可惜是个太监。据传作者靠这本书受到韩三平关注，成功打入主流电影圈内部，由此看来恢复更新是遥遥无期了）；</p><p>ps：跳舞、流浪的蛤蟆、月关、静官、林海听涛、梦入神机等大牌，他们的书覆盖各种题材，全部推荐，都是很努力很有才气的作者；</p><p>31、无罪《通天之路》（末世废土流修真，后宫爽文，书荒时可看）；</p><p>32、牛笔《艳照门徒》（猥琐胖子扮猪吃虎流都市文，搞笑。后来因为某点整风，书名好像改为门徒了，作者还有一本文风同样淫荡的《绝顶》）；</p><p>33、崔走召《我当鸟人的那几年》《我当阴阳先生的那几年》《跳大神》（东北风格奇人奇事，朴实的故事）；</p><p>34、方想《修真世界》（都批判这本过于商业化，但商业化不好吗？起码好看）；</p><p>35、远征士兵《越战的血》（军文没落期的后起之秀，喜欢此类的不可不看，早期优秀军文曾经很多，比如刘猛的《狼牙》《最后一颗子弹留给我》、我是特种兵《兵王》、刺血《狼群》、梦回汉唐《从春秋走向战国》、中悦《石油咽喉保卫战》、卫悲回《夜色》、卫华《醒狮》、纷舞妖姬《弹痕》《第五部队》、最后的游骑兵《终身制职业》，当年铁血论坛全盛时此类作品层出不穷，怀念……）；</p><p>36、雪夜冰河《无家》（解放战争题材，像严肃文学多过网络文学，题材沉重文笔出色）；</p><p>37、我爱黄颖《抗日之血肉长城》（大家一窝蜂写抗日文的时候，这本算是其中很不错的一本）；</p><p>38、揽嫦娥射日《抗日之幸存者》（仅看两个章节就被牢牢吸引住了，开篇极好，后面虽然有这样那样的网文通病，但通篇来说不失为一本好书，可惜最终还是被神兽啃掉小jj进宫了）</p><p>39、黑色柳丁《命运的抉择》（女主穿越，争霸世界，不知谁爱好这一口？）</p><p>40、黑暗荔枝《我的女友是丧尸》（一本明明很啰嗦却让人不感觉啰嗦的好书，能把末日题材写出欢乐气息的也就是这本了）；</p><p>41、半仙算命《道藏美利坚》（后宫、装B、修仙、都市、爽文）；</p><p>42、斩空《高衙内新传》（早期穿越好书，估计许多人不知道，文笔胜过传统文学，轰动一时，一度断更，数年后作者人品爆发才得以完本）；</p><p>43、府天（女作家）《高太尉新传》（前有《高衙内新传》，后有《高太尉新传》，有趣，太尉比衙内稍逊）；</p><p>44、柯山梦《晚明》（历史类穿越好书，双主角）；</p><p>45、宅猪《重生西游》（可与《佛本是道》并肩的搞笑洪荒爽文）；</p><p>46、黯然销魂《大亨传说》（向上世纪八九十年代香港电影致敬！向发哥、张国荣、谭校长、邓丽君、梅艳芳、林青霞、赵雅芝、王祖贤、钟楚红致敬！感谢他们给我的少年时代带来的欢乐和憧憬！那真是个繁花似锦的年代……）；</p><p>47、屠狗者《骗艳记》（又一本经典的猥琐胖子扮猪吃虎流搞笑修真小说，似乎死胖子总是很受欢迎⊙ω⊙）；</p><p>48、集古字《文物贩子在唐朝》（很有书香味道的网络小说，喜欢传统文化的请进，别被恶俗的书名骗到，实为大雅）；</p><p>49、管杀不管埋《以革命的名义》（一部波澜壮阔的法国大革命历史巨篇，一个黑眼睛黄皮肤中国人的传奇）；</p><p>50、黄初《北美1776》（美国式民主形成的过程和本质，好书）；</p><p>51、骑着王八砍鲨鱼《重生美利坚》（牛仔时代狂想曲，教父是怎样炼成的）；</p><p>52、鬼狼《筚路蓝缕》（中国星际移民者开发新星球的艰难历程，史诗型故事）；</p><p>53、虎贲氏《争隋》《铁骑》（男人看的书，隋唐新故事）；</p><p>54、布老虎吃人《重活》（喜欢周行文《重生传说》的可以看看）；</p><p>55、初恋璀璨如夏花《重生之心动》（纯纯的年代，纯纯的感情，与奥尔良烤鲟鱼堡的《重生之大涅槃》交相辉映。一直以为这本书是女作者所著，当时很奇怪一个女人怎么能如此了解男孩子的心态，受评论提醒又百度了一下，果真是男银……）；</p><p>56、赤虎《商业三国》（三国穿越文的鼻祖之一，在某点掀起一股三国热，后面跟风者也颇出了几本不错的作品，比如《风流三国》《一统三国》等）；</p><p>57、酒徒《明》《家园》（有独立思想的老牌网文作家，明穿开创者）；</p><p>58、雁九《重生于康熙末年》（以女作者的细腻，将康熙宠臣江宁织造曹家的复兴史娓娓道来，堪称红楼前传，另：小楼明月《迷失在康熙末年》，古龙岗《水煮清王朝》都不错）；</p><p>59、淡墨青衫《大汉龙腾》《清明上河图》（作者不错，书也不错，因为少泼了点狗血没奥公公那么红，但人品比奥公公强多了）；</p><p>60、cuslaa《宰执天下》（当红好书，有评论说宋穿最佳者不过阿越的《新宋》和此书，而后者又高出一筹，依我看，这两本根本就不是一个风格，都是好书， 不必比较孰高孰低。作者的《大宋帝国征服史》也很好）；</p><p>61、青玉狮子《乱清》（追看中……）；</p><p>62、都梁《血色浪漫》《亮剑》（推荐只看过电视剧版本的童鞋看看原著，更加精彩，神作！）；</p><p>63、绯红之月《赤色黎明》（穿到清末发展共产主义，开天辟地第一本三观无比正确的网络小说，绝对主旋律！不知道作者是否在宣传部工作，如果不是，可惜了……）；</p><p>64、寻香帅《复唐》（作者编的一手好故事）；</p><p>65、国王陛下《从前有座灵剑山》（另类修仙小说，各种脑洞大开，各种神吐槽，各种无节操无下限……摘录一句：“你好歹也是贵族出身,诗词歌赋一窍不通,骈文写不出,公文写不正,连白话文都写不好,这德行也只配去写小说了） ；</p><p>66、志鸟村《重生之神级学霸》（极爽的一本书，细节，细节才是王道啊童鞋们！作者为营造一个爽点就像最耐心的猎人一点一点接近猎物，直到最佳时机才断然出手。此书简直是改开之后中国生物学发展野史，八零年代科研汪们不得不说的故事，若非读到这本书，我等工科狗是怎么也接触不到《细胞》《科学》的奇妙世界）；</p><p>67、银河九天《疯狂的硬盘》（挺有趣的黑客故事，各种阴差阳错造就出一个蠢萌又狡黠的超级黑客，时常让人捧腹。书到后期，作者对情节的掌控力度明显减弱，不过整体而言仍是本值得一看的好书）；</p><p>2016.3.8更新（其实是评论区的命题作文^ω^，有些文不对题）</p><p>68、zhttty《无限恐怖》（无限流开山鼻祖，足可与《鬼吹灯》《魔法学徒》《飘渺之旅》《明》《重生传说》《龙蛇演义》等书比肩。在我的第一印象中，《无限恐怖》是一本脑洞狂开的传奇作品，里面充满了各种各样真正的奇思妙想，兼之作者讲的一手好故事，而且文笔不错，很快受到某点众小白大力追捧，随后跟风之作四起，无限流热得一塌糊涂。作者zhttty因为起了一个莫名其妙的英文字母名字在刚开始红的时候被称为字母哥，其实直到现在我也没记住 （这名字还是临时搜索得来），感觉他受日漫和同人小说启发不小，继而首创无限流。不过说实话，我主要看历史和仙侠类小说，因为个人口味问题没有跟读到底，但是印象很深，的确好书）；</p><p>2016.7.8更新……</p><p>69、白面黑厮《北美大唐》（刚刚挖掘的一本群穿，脑洞巨开，意识形态全球输出，建立异时空灯塔国。虽然剧情发展过快，但仍然属于合理党，目前接近完本，可以一看）；</p><p>9月1日更新……</p><p>70、尤前《我家徒弟又挂了》（很好玩的书，呆萌的师父和不让人省心的徒弟之间的故事。看多了争霸天下的男频小说，偶尔看下欢乐温馨的女频书也挺不错的。笑料十足，强力推荐）；</p><p>10月17日更新……</p><p>71、尝谕《重活了》（喜欢后宫熟女暧昧流的可看，优点是细节和心理描写很细腻，缺点是情节推进比较yy。作者绝逼是个闷骚的人，能看得出他码字的时候代入感很深，现实生活里那点儿不敢宣著于口的念想全在小说里实现了，属于白日梦型选手）；</p><p>72、爱会永恒《东北灵异档案》（又一本东北风格出马小说，作者写的很用心，书也很好看，有声版本更棒，推荐试听）；</p><p>73、骷髅精灵《机动风暴》《武装风暴》《星战风暴》（机甲流小说，三部曲都挺不错的，第一部最佳。作者以一部网游小说《猛龙过江》一举成名，此后一发不可收拾）；</p><p>74、豆子惹的祸《小仙有毒》《升邪》（书荒时，这是两本能够让人眼前一亮的好书，欢乐轻松且情节紧凑，人物刻画生灵活现，值得一看。）；</p><p>75、蓝晶《魔法学徒》《魔武士》《魔盗》《魔眼》等（蓝大的小说不用多说，堪称中国西方魔幻第一，当年多少人追读魔法学徒如痴如醉，导致后面跟风的写手一大群，但我想告诉大家的是蓝大最擅长的并非这个，而是小黄文，嘿嘿）；</p><p>10月18日更新……</p><p>76、檀郎（又名雅易安，业界人称色安，读者称他为安公公、三贞九烈雅易安）《保卫乳房》《蛊惑人心》《从头再来》《重生的飘渺之旅》等（色安是著名的淫荡型选手，擅长都市题材，行文老辣，文风幽默，刻画暧昧场景堪称入骨，喜欢这种风格的童鞋一定要看《保卫乳房》，在此隆重向大家推荐，但这厮人品不好，当年也是著名的坑王，这里推的四本中前三个完本，飘渺挂掉了至今未填实在可惜）；</p><p>77、发飙的蜗牛《网游之练级专家》《贼胆》《重生之贼行天下》（蜗牛写书不少，个人感觉以这三本为佳，都是网游类）；</p><p>78、冬天里的熊《战国福星大事记》（非常小众的日本战国题材，如果没有玩过N年前的太阁立志传系列游戏，看这个还真是有点头大，但作者优秀的文字功底完全弥补了这一题材缺陷，整部小说温馨欢乐，情节流畅，值得一看。对了，这也是本太监后又出宫的小说，难得！）；</p><p>10月19日更新……</p><p>79、习惯步行《灾星》《煞星》（早期官场小说，反腐题材，情节合理笔力十足，好书。在穿越重生题材大行其道的时期灾星这本书能火，足见其功）；</p><p>80、古龙岗《水煮清王朝》《后锋》《发迹》《裂土美利坚》《白日梦之三国》《香港从1949开始》《混在抗战》等（高产作者，虽然谈不上部部精品，但书的品质还是很不错的，因为早期连续三本小说都是穿越到清朝，被戏称：三生投鞑古龙岗）；</p><p>81、天子《铁骨》（民国流小说中极为出色的一本，男主由黄埔而北伐，由内战至国战，从大陆征战到东南亚立国，用经济征服欧美，用军事征服日本，情节设置相当爽，而且字数足够多篇幅足够长，看起来很过瘾的一本书）；</p><p>82、庚新《曹贼》（三国题材中不可不看的一本，好书，强推）；</p><p>83、寂寞剑客《混在三国当军阀》（书名起的随意，内容可一点都不随意，实为热血历史文，大赞之，只是结尾有些仓促，美中不足）；</p><p>84、克里斯韦伯《天下节度》（挺规矩的历史类小说，文笔、情节、故事都不错，喜欢金手指者莫入）；</p><p>85、李兴禹《我的美女大小姐》（都市后宫流佳作，人物生动，幽默搞笑，值得一看，同类好书还有傲无常的《老婆爱上我》、天堂羽《貌似纯洁》）；</p><p>10月20日更新……</p><p>86、齐橙《工业霸主》（某点少有的工业题材穿越小说，以老国企为起点一步步壮大，真实刻画了改开初期落后的我国工业面对世界的窘境和艰难的崛起之路，男主扮猪吃虎打脸各国技术高手是一大看点，挺爽的。这本书笔法平淡，生活气息浓重，不吹不黑，不狂开金手指不狗血，用故事吸引读者，推荐阅读）；</p><p>87、断桥残雪《修真老师生活录》《修真研究生生活录》（扮猪吃虎的装逼后宫流都市修真小说）；</p><p>88、就是芦苇《重生1998》（音乐题材，重生回去做钢琴家，作者在音乐方面有着很深的理解，连续几本书都和音乐有关，书中关于音乐方面的见解可称仙草，读之有益，很涨见识）；</p><p>89、梦未醒《共和国之怒》（很久很久以前就被河蟹神兽啃掉小鸡鸡的作品，还有几人记得这本书……）；</p><p>90、善水《召唤大领主》（高校文学教师作品，前严肃文学作者，绝非小白文，风格幽默欢乐，大忽悠型男主，西幻后宫流）；</p><p>91、懵懂的猪《重生寡头1991》（穿越至苏联解体之前，作为一个混迹于中苏边界的走私商人深度介入苏联政治，立足远东成为该国寡头之一。作者对苏联解体前后时期的政治经济了解之深入令人惊叹，非常写实，杠杠的好书）；</p><p>92、黑乎乎的老妖《网游之最强房东》（从文风来说，作者的ID并不贴切，应该叫骚乎乎的老妖才对，当美女工作室的房东居然监守自盗拿下其中好几个……好看的网游后宫文）；</p><p>10月21日更新……</p><p>93、七十二翼天使《英雄无敌之十二翼天使》（英雄无敌类网游文，作者很擅长这种题材，文字流畅，情节合理，游戏内外均有亮点，可读之书）；</p><p>10月23日更……</p><p>94、陈词懒调《回到过去变成猫》（温馨轻松生活类小说，在起点网拥有点推比3：1的极品数据，一百四十余万字我用了两天时间没黑没白地读完时怅然若失，很久没这种感觉了……）</p><p>10月26日更新……</p><p>95、烽火戏诸侯《雪中悍刀行》《陈二狗的妖孽人生》（二狗后半段感觉有点坑，前头其实埋了很多伏笔，草蛇灰线，后来总管不写了，有些虎头蛇尾，总管自己说后面再写就是二狗扮猪吃老虎一般小白文云云觉得说的也算有道理吧。相比较二狗个人更推荐雪中悍刀行，雪中是那种很容易就戳中泪点，让你读着读着就忍不住流泪然后骂娘那种，开局有些慢热。喜马拉雅听书大斌讲的也很好，强烈推荐）（此条为知友<a class=""member_mention"" href=""https://www.zhihu.com/people/5350baef261e24e43cf424a3eb48b6be"" data-hash=""5350baef261e24e43cf424a3eb48b6be"" data-hovercard=""p$b$5350baef261e24e43cf424a3eb48b6be"">@水虎</a> 在评论区之言，很中肯，所以直接采用了，非常感谢，特此说明）</p><p>11月1日更新……</p><p>96、睡觉会变白《文艺时代》（这本书的篇幅很长，253万字，却始终让我沉迷其中，可以说非常有吸引力。作者有些淡淡的文青气息，京片子气息浓郁的对白有点儿贫，但写人写景写情的水准之高以及对电影了解之深思想之锐利着实让我惊诧，小说营造的氛围几乎使我相信书中的世界才是真实的。而且文风轻松，行文既幽默又带点污，这绝对是娱乐文中的战斗机，一定要看！）</p><p>2017年1月26日更新……书友们新年好！</p><p>97、孑与2《唐砖》《大宋的智慧》（唐砖文笔流畅幽默构思巧妙气氛阳光，读之时常令人捧腹，实为一本不可多得的好书，尤其在今日唐穿这个题材已经被写烂之时，能读到这样一本好书实在难能可贵，特别是作者对君主集权下臣子们生存之道的理解尤为深刻，恃宠而不骄，后宫而不滥，开金手指但不过，整本书充溢着亲情和友情，读来令人感动又开心。后来的大宋的智慧一书文笔更见精炼入骨，故事架构更为精致，但过多的纠结于君臣之争、文武之争、大义之争，氛围偏于凝重，手段过于残酷，或许作者写这本书时代入感太深，想从这里面找出一条新路吧，这样不可避免的弱化了故事的娱乐性，导致可读性不如前者）</p><p><br></p><p>完。</p><p><br></p><p><br></p><p>相信能认真看完这篇答案的都是书迷中的老鸟了，为犒劳大家，特此祭出网文界神曲：</p><p>龙空反讽七言歌</p><p>严肃记实张小花，语言精炼苍天鹤 <br>龙头凤尾流浪蛤，从谏如流灰熊猫 <br>从不跳票奥斯卡，从不断更奥丁虚 <br>一日三更早慢熊，守口如瓶猪龙龙 <br>千金一诺荆教主，人品高洁黑岛人 <br>有坑必填马前卒，正人君子章肥猫 <br>胸襟开阔徐公子，人品厚道小白狼 <br>历史尊重红老虎，天降祥瑞马伯庸 <br>回春妙手独狐雯，不贪女色老龙步 <br>经略幽燕童燕王，和尚生性不爱菊 <br>十送鸿钧梦机机，金钟罩体老螃蟹 <br>食色无双静公公，流氓无敌还血红 <br>从一而终石章鱼，聪明可爱小学生 <br>三生投鞑古龙岗，尊重外宾胖头鱼 <br>美女派送水更俗，绝不妹控林深河 <br>腹黑伪娘红飞机，运输队长诺基亚</p>"
511,"晋江priest大大 <br>她的文之后 我只看文学<br><br><br>我来加一些节选吧。个人喜欢的。喜欢就赞一个，不喜欢就点反对+没有帮助。也没时间撕逼了。<br>【你们这些光点感谢不点赞的臭牛芒，口亨】<br><br>-- 溫客行死命一咬牙，攥住他的手，硬生生地將自己撐了起來：「活——」他說道，「我為什麼不想活，我為什麼不能活？！這世間厚顏無恥之人、大奸大惡之人都活著，我為什麼、我為什麼不能活著……我偏要……」《天涯客》<br>-- 平江柳色青，花月遙相守。歲歲復年年，逢此冰消後。幾回滄海平，山雪別雲岫.一眼萬年輕,唯此心如舊。《天涯客》<br>-- 客路千山幾歲移，寒江衰草暮煙迷。提壺載酒京華客，笑挽青衫鬼面魎。遙相望，不相思，江湖夜雨渺如絲。平生落魄歸樽裡，大笑一聲會有期。《天涯客》<br>-- 虎狼在外，不敢不殫精竭慮；山河未定，也不敢輕賤其身。《殺破狼》<br>-- 何人知我霜雪催，何人與我共一醉。《殺破狼》<br>-- “子熹，只要你說一個字，刀山火海我也能走下去。”《殺破狼》<br>-- 世間所有仇與怨的消弭，大抵一邊靠忘，一邊靠將心比心吧。《殺破狼》<br>--人修行一世，大道三千，歸結成一句話，不也就是“看看天地，再看看你自己”麼？《六爻》"
452,"<h2>知乎上关于小说的问题比较多，所以收集了32个关于网络小说的问题，希望可以节约大家的时间。</h2><p>并推荐十部好看的小说给大家，并且整理了一些金庸和古龙小说的资源，免费分享给大家。</p><p>获取方式在文末。</p><p><br></p><p>------------下面是问题汇总，文末有福利---------------</p><p><br></p><p>1、   <a href=""https://www.zhihu.com/question/59595588"" class=""internal"">网络小说里有哪些令人拍案称奇的智障桥段？</a>     关注人数：66289  被浏览：104864352 </p><p>2、<a href=""https://www.zhihu.com/question/20434800"" class=""internal"">有哪些称得上优秀的网络小说？</a>       关注人数：44574  被浏览量：7111967   </p><p>3、<a href=""https://www.zhihu.com/question/37985771"" class=""internal"">有哪些可被称为「神作」的网络小说？</a>   关注人数：32195 被浏览量：5636985</p><p>4、<a href=""https://www.zhihu.com/question/48067680"" class=""internal"">网络小说中有哪些不走寻常路的优秀设定？</a>       关注人数：12843  被浏览量： 2050374   </p><p>5、<a href=""https://www.zhihu.com/question/35691882"" class=""internal"">你所知的，设定最有趣的网络小说是哪本？</a>      关注人数： 12828   被浏览量：2142358  </p><p>6、<a href=""https://www.zhihu.com/question/49200916"" class=""internal"">为什么语文老师要求多看名著，不让看网络小说？</a>     关注人数：8036  被浏览量： 1653276   </p><p>7、<a href=""https://www.zhihu.com/question/21900715"" class=""internal"">男人在家啃老，沉迷网络小说，如何帮助他？</a>  关注人数：     5906   被浏览量：1056302</p><p>8、<a href=""https://www.zhihu.com/question/51262197"" class=""internal"">你从网络小说中学到了哪些冷知识？</a>      关注人数：4820   被浏览量：1193511   </p><p>9、<a href=""https://www.zhihu.com/question/38284179"" class=""internal"">读完一千本以上网络小说是什么体验？</a>     关注人数：3968   被浏览量： 218165   </p><p>10、<a href=""https://www.zhihu.com/question/37104231"" class=""internal"">有什么网络小说，你看完它之后，有一段时间看不下别的小说了？</a>       关注人数：6992 被浏览量：839405   </p><p>11、   <a href=""https://www.zhihu.com/question/54209633"" class=""internal"">2016年有哪些网络小说值得推荐？</a>      关注人数：  6660   被浏览量： 1234375   </p><p>12、<a href=""https://www.zhihu.com/question/33324624"" class=""internal"">你看过哪些非常奇葩的网络小说？</a>  关注人数：     6507  被浏览量：1409492  </p><p>13、<a href=""https://www.zhihu.com/question/27767718"" class=""internal"">孩子沉迷于低质量的网络小说，应该如何劝导？</a>      关注人数： 4891 被浏览量：906877</p><p>14、<a href=""https://www.zhihu.com/question/59869038"" class=""internal"">网络小说里有哪些令人拍案叫绝的经典情节？</a>     关注人数：4751 被浏览量：1554591   </p><p>15、<a href=""https://www.zhihu.com/question/35583006"" class=""internal"">为什么明明有盗版网络小说看，还有人花钱看正版？</a>     关注人数：3018 被浏览量： 773900</p><p>16、 <a href=""https://www.zhihu.com/question/54355719"" class=""internal"">网络小说作者的收入情况是怎样的？</a>      关注人数：2085 被浏览量：1110508   </p><p>17、<a href=""https://www.zhihu.com/question/23427021"" class=""internal"">马伯庸评论过的网络小说有哪些？</a>    关注人数： 1629 被浏览量：744461   </p><p>18、<a href=""https://www.zhihu.com/question/53712583"" class=""internal"">为什么主流文化看不起网络小说？</a>     关注人数：1629 被浏览量：744461   </p><p>19、<a href=""https://www.zhihu.com/question/31722350"" class=""internal"">名篇小说与网络小说有哪些本质区别？</a>     关注人数：1554 被浏览量：520615   </p><p>20、<a href=""https://www.zhihu.com/question/54033038"" class=""internal"">网络小说有哪些爽点？</a>      关注人数： 1499  被浏览量： 684982   </p><p>21、<a href=""https://www.zhihu.com/question/30291842"" class=""internal"">中国的网络小说有可能获得与日本动漫相当的地位吗？</a>     关注人数：1396 被浏览量：217245   <br>22、<a href=""https://www.zhihu.com/question/55971092"" class=""internal"">网络小说中有哪些经典的句子？</a>    关注人数： 1368   被浏览量507259   </p><p>23、 <a href=""https://www.zhihu.com/question/33193846"" class=""internal"">中国网络小说中有哪些里程碑式的作品？</a>   关注人数：  1323 被浏览量：140556   </p><p>24、 <a href=""https://www.zhihu.com/question/35479601"" class=""internal"">有哪些好看的网络小说？</a>     关注人数：1252   被浏览量：892242   </p><p>25、<a href=""https://www.zhihu.com/question/48719504"" class=""internal"">推荐一篇让你读了还想再读的网络小说？</a>    关注人数： 994  被浏览量：113180   </p><p>26、 <a href=""https://www.zhihu.com/question/43418545"" class=""internal"">成绩很差的网络小说是不是还要坚持写？</a>    关注人数： 992 被浏览量：174398   </p><p>27、 <a href=""https://www.zhihu.com/question/35584877"" class=""internal"">说说你看过最好的十本网络小说。？</a>      关注人数： 931 被浏览量：551359   </p><p>28、<a href=""https://www.zhihu.com/question/47503049"" class=""internal"">写网络小说，有哪些是绝对禁忌的做法？</a>    关注人数：  711 被浏览量：183064  </p><p>29、<a href=""https://www.zhihu.com/question/64990441"" class=""internal"">网络小说的描述里出现过哪些常识性错误？</a>     关注人数：703 被浏览量：314421 </p><p>30、<a href=""https://www.zhihu.com/question/40985843"" class=""internal"">现在的网络小说收费是否合理？</a>  关注人数： 645 被浏览量：128351   </p><p>31、<a href=""https://www.zhihu.com/question/60658404"" class=""internal"">网络小说里你见过最没出息的主角是什么样的？</a>    关注人数： 476 被浏览量：386919   </p><p>32、<a href=""https://www.zhihu.com/question/66428749"" class=""internal"">成功的网络小说家在入行前都是热衷网络小说的读者吗？</a>   关注人数：253 被浏览量： 109031   <br></p><p>---------下面是小说推荐，文末有福利-------</p><p><br></p><p>排名不分先后：</p><p><b>1、烟雨江南《尘缘》，</b>这是一本很有仙气的书，</p><p>当年看这本书前面几张是根本不知道谁是主角。</p><p><b>2、何常在的《人间仙路》，</b>比较小清新，文字优美，</p><p>适合心情愉快的时候观看，缺点是剧情有点平淡。</p><p><b>3、猫腻的《将夜》，</b>猫腻大大把每个人的性格都刻画的十分鲜明，</p><p>除了主角的热血故事，你可能会更加喜欢某个配角，</p><p>比如我更喜欢朝小树。</p><p><b>4、忘语的《凡人修仙传》，</b>凡人流的开山之作，</p><p>韩老魔的一生写照就是一个""争""字，虽然后来杀人如麻，</p><p>但是始终初心不改。</p><p><b>5、流浪的蛤蟆的《仙葫》，</b>这本小说很接近还珠楼主的《蜀山》，</p><p>你可以从中看到武功和仙法相结合。</p><p><b>6、无罪的《罗浮》，</b>这本小说前期有点压抑，不适合在郁闷的时候观看。</p><p>最吸引人的是很多情节都是武侠小说里经常出现的，一般仙侠文里很少出现，</p><p>让人观之可亲。</p><p><b>7、减肥专家的《问镜》，</b>这本小说是大手笔，有宏大的构思，</p><p>有独特的修行理论，让人耳目一新。</p><p>缺点是：如果没有看懂作者的设定就会看的很累，</p><p>这本书适合静下心来慢慢看。</p><p><b>8、张小花的《史上第一混乱》，</b>都市逗比反穿越流 。</p><p>友情提示，不要再人多的时候观看，</p><p>要不然别人会觉得傻笑的你脑子是有问题的。</p><p><b>9、贼道三痴的《上品寒士》，</b>这本小说主角有君子之风，</p><p>作者洋洋洒洒地给我们展示了魏晋风骚。</p><p>最然三痴已经不在，但是永远在我们心中。</p><p><b>10、徐公子胜治的《灵山》，</b>这已经是我多次向别人安利这本书了，</p><p>可曾见过作恶的菩萨，当时看到这句话都惊呆了，</p><p>后来仔细想想，仙人不就应该这样吗。</p><p><br></p><p>以上就是我推荐的十本小说。</p><p><br></p><p>------福利到-----------------</p><p>我收集了16部金庸和76部古龙的小说集。</p><p><b>如果有需要的，可以关注公众号 悦诚看吧，诚是诚实的诚。</b></p><p><b>回复关键字【大侠】，就可以得到这些资源了</b></p><p><b>也可以一起讨论自己与小说的故事。</b></p><p><b>有图为证：</b></p><figure><noscript><img src=""https://pic1.zhimg.com/v2-d9c697654ceef7628a844de0d43819c0_b.jpg"" data-caption="""" data-size=""normal"" data-rawwidth=""620"" data-rawheight=""362"" class=""origin_image zh-lightbox-thumb"" width=""620"" data-original=""https://pic1.zhimg.com/v2-d9c697654ceef7628a844de0d43819c0_r.jpg""></noscript><img src=""data:image/svg+xml;utf8,&lt;svg%20xmlns='http://www.w3.org/2000/svg'%20width='620'%20height='362'&gt;&lt;/svg&gt;"" data-caption="""" data-size=""normal"" data-rawwidth=""620"" data-rawheight=""362"" class=""origin_image zh-lightbox-thumb lazy"" width=""620"" data-original=""https://pic1.zhimg.com/v2-d9c697654ceef7628a844de0d43819c0_r.jpg"" data-actualsrc=""https://pic1.zhimg.com/v2-d9c697654ceef7628a844de0d43819c0_b.jpg""></figure><figure><noscript><img src=""https://pic3.zhimg.com/v2-996ae62d893a9e816e09bea20094b0c6_b.jpg"" data-caption="""" data-size=""normal"" data-rawwidth=""623"" data-rawheight=""593"" class=""origin_image zh-lightbox-thumb"" width=""623"" data-original=""https://pic3.zhimg.com/v2-996ae62d893a9e816e09bea20094b0c6_r.jpg""></noscript><img src=""data:image/svg+xml;utf8,&lt;svg%20xmlns='http://www.w3.org/2000/svg'%20width='623'%20height='593'&gt;&lt;/svg&gt;"" data-caption="""" data-size=""normal"" data-rawwidth=""623"" data-rawheight=""593"" class=""origin_image zh-lightbox-thumb lazy"" width=""623"" data-original=""https://pic3.zhimg.com/v2-996ae62d893a9e816e09bea20094b0c6_r.jpg"" data-actualsrc=""https://pic3.zhimg.com/v2-996ae62d893a9e816e09bea20094b0c6_b.jpg""></figure><figure><noscript><img src=""https://pic2.zhimg.com/v2-9514f4aee09314e2c92769a24d6db1a5_b.jpg"" data-caption="""" data-size=""normal"" data-rawwidth=""604"" data-rawheight=""596"" class=""origin_image zh-lightbox-thumb"" width=""604"" data-original=""https://pic2.zhimg.com/v2-9514f4aee09314e2c92769a24d6db1a5_r.jpg""></noscript><img src=""data:image/svg+xml;utf8,&lt;svg%20xmlns='http://www.w3.org/2000/svg'%20width='604'%20height='596'&gt;&lt;/svg&gt;"" data-caption="""" data-size=""normal"" data-rawwidth=""604"" data-rawheight=""596"" class=""origin_image zh-lightbox-thumb lazy"" width=""604"" data-original=""https://pic2.zhimg.com/v2-9514f4aee09314e2c92769a24d6db1a5_r.jpg"" data-actualsrc=""https://pic2.zhimg.com/v2-9514f4aee09314e2c92769a24d6db1a5_b.jpg""></figure><figure><noscript><img src=""https://pic4.zhimg.com/v2-24d449d4e70de490a2398aa51dedfd67_b.jpg"" data-caption="""" data-size=""normal"" data-rawwidth=""604"" data-rawheight=""599"" class=""origin_image zh-lightbox-thumb"" width=""604"" data-original=""https://pic4.zhimg.com/v2-24d449d4e70de490a2398aa51dedfd67_r.jpg""></noscript><img src=""data:image/svg+xml;utf8,&lt;svg%20xmlns='http://www.w3.org/2000/svg'%20width='604'%20height='599'&gt;&lt;/svg&gt;"" data-caption="""" data-size=""normal"" data-rawwidth=""604"" data-rawheight=""599"" class=""origin_image zh-lightbox-thumb lazy"" width=""604"" data-original=""https://pic4.zhimg.com/v2-24d449d4e70de490a2398aa51dedfd67_r.jpg"" data-actualsrc=""https://pic4.zhimg.com/v2-24d449d4e70de490a2398aa51dedfd67_b.jpg""></figure><p><br></p><p><b>走之前麻烦点个赞哈，感谢。</b></p><figure><noscript><img src=""https://pic1.zhimg.com/v2-dda1e12436da6cfb2ff51575bd6bde64_b.jpg"" data-caption="""" data-size=""normal"" data-rawwidth=""477"" data-rawheight=""297"" class=""origin_image zh-lightbox-thumb"" width=""477"" data-original=""https://pic1.zhimg.com/v2-dda1e12436da6cfb2ff51575bd6bde64_r.jpg""></noscript><img src=""data:image/svg+xml;utf8,&lt;svg%20xmlns='http://www.w3.org/2000/svg'%20width='477'%20height='297'&gt;&lt;/svg&gt;"" data-caption="""" data-size=""normal"" data-rawwidth=""477"" data-rawheight=""297"" class=""origin_image zh-lightbox-thumb lazy"" width=""477"" data-original=""https://pic1.zhimg.com/v2-dda1e12436da6cfb2ff51575bd6bde64_r.jpg"" data-actualsrc=""https://pic1.zhimg.com/v2-dda1e12436da6cfb2ff51575bd6bde64_b.jpg""></figure>"
365,别提网络小说了，就算是我所钟爱的那些文学大师，也不可能有哪本书让我读完后就觉得其他书看不进去。小说给人的享受是多样性的，“文无第一”并不是一个空泛的说辞。
331,"当然是《小明修仙记》啊，此文堪称网文界的神作啊·····<br>下面就节选一段让各位好好感受一下网络神文的风采吧：<br>转载自<a href=""https://link.zhihu.com/?target=http%3A//www.motie.com/book/8893/chapter"" class="" wrap external"" target=""_blank"" rel=""nofollow noreferrer"">小明修仙记小说最新章节列表,小明修仙记全文在线阅读</a><br>------------------------------------------------------------------------------------------------<br><br>“萧炎!”<br><br>“到！”<br><br>一群修行者，现在正在龙华修行初级学院的演武场上，排队等候，一个接着一个进行传说当中的期中考试。<br><br>此刻，考核老师叫到了萧炎。<br><br>“到萧炎了，到萧炎了啊。”此刻，听到老师叫出萧炎的名字，人们立即沸腾了。<br><br>“听说萧炎他是从幼儿园直接跳级升上来的，刚刚修习不到半年，听说他现在都已经有二年级的实力了，十以内的加减，根本难不住他，听说百以内的加减，他也参悟了一些，这次期中考试，肯定是难不住他。”<br><br>“是啊是啊，老师也经常夸奖萧炎呢，虽然他才修习一年，但是现在已经有了小学二年级的实力，就算是对上小学三年级的学生，也可以斗一斗，在老师眼中，萧炎可是实打实的天才啊。”<br><br>“我还听说萧炎他有一个初中生的哥哥呢，甚至传说当中的高中生，他家也曾经出过……”<br><br>“高中生？”众人再次惊叹了。高中生啊，整个龙华县都没有出几个高中生，就算是龙华县的城主，也才是一个初中生。传说当中，高中生可是上天的宠儿，每一个人都是天地之间的天才，传说当中，有可能他们上辈子是折翼的天使转世而来，他们一出身，就带有无上的气运，一般的人要想成为的升级到高中生，简直是不可能成为高中生的。<br><br>虽然按道理来说，只要坚持修炼，只要修炼到小学六年级，然后成为一个初中生，最后就可以成为一个高中生了。<br><br>但是，修仙可是一个逆天行事的过程，虽然可以看到小学生，到高中生只有两三步之遥。但是修仙路途仙路慢慢，稍有不慎，就会魂飞魄散，戳骨扬灰。<br><br>要想成为一个高中生，可不是一件简单的事情。<br><br>不仅要修练到从小学一年级，修炼到小学六年级，而且，在成为六年级的强者的时候，还要经历一次名叫“小升初”的小天劫。<br><br>“小升初”这有小天劫之称的天劫，是极其恐怖的，那些六年级的强者每年因为渡过小天劫死的人数，整个龙华国不可计算，一万人个六年级的强者之中，能够有一个度过去，就算是天道开恩了。<br><br>古往今来，不知道有多少天才人物，惊艳人物，他们一路上修炼顺风顺水的，好不容易修炼到六年级的强者，但遇上“小升初”之后，这些有天才之称的人，不知道有多少人抱着遗憾死于“小升初”的劫雷之下。<br><br>甚至从龙华县建城以来，成功的度过小天劫，成功的成为初中生的人也屈指可数。龙华县的人们板起指头都可以数得过来。<br><br>但是，只要成功的度过“小升初”之称的天劫，六年级的强者就算得上是一个初中生了。算得上一方有权利，有地位的人了。龙华县的县长就是一个初中生，他掌握了整个龙华县的资源。在这些小学生的眼中，已经惊为天人了。<br><br>但，这还不够。<br><br>初中生要想成功的修炼到高中生，不仅仅还要艰难的修习成为初一初中生，还要继续修炼成为更加难修炼的初二初中生，有些就算是成功修成初中生的人，也会因为修习走火入魔，从而不得不坠入有魔界之称的“社会”，最后，初中生好不容易熬到了初三，才有机会成为高中生，但是，要想成为高中生，就必须要经历一个比“小升初”小天劫更加恐怖，威力更加巨大的天劫——中考！！<br><br>中考可是比“小升初”还要厉害一万倍的天劫，素来有湮灭天劫之称。小升初时候的天劫劫雷只有两道，语文和数学，渡过了就可以成为初中生，但是，中考时候的天劫，可是有足足七道劫雷，能够承受住七道劫雷的洗礼的人，简直是万中无一，凤『毛』麟角，往往一百万人初中生之中，还不一定有一个可以成功的度过呢。最后，只有渡过了中考的天劫的初中生，才真正的成为高中生。<br><br>“哇……那么厉害啊……那这次考试对萧炎来说，岂不是小菜一碟啦。”高中生这个神圣的字眼一说出来，就震惊了许多人，好多人也才是第一次听说萧炎居然有那么雄厚的身份，然后，人们看向萧炎的眼神有不同了。以前最多有些羡慕，有些轻视，那么，现在当听到萧炎家居然有高中生的时候，眼神就变成羡慕之中带有一些惊惧了……<br><br>——节选自《小明修仙记》<br>------------------------------------------------------------------------------------------------<br><br>广告时间：<a href=""http://www.zhihu.com/question/26345438/answer/68909112"" class=""internal"">小说、游戏、动漫、影视作品中有哪些中二程度爆表的台词？ - 知乎用户的回答</a>，见证曾经中二黑历史啊，哈哈···"
208,"《史上第一混乱》,看完以后想找个比它搞笑的……反正没找到,找到的人跟我说一声。"
116,"<p>【持续随缘更新】；)<br>《赘婿》by愤怒的香蕉（最新更新）<br>（11年开始连载至今，起点著名月刊，谨慎入坑）</p><p>—————————————————————————<br>•目录•<br>1，男频《奥术神座》by爱潜水的乌贼<br>2，男频《一世之尊》by爱潜水的乌贼<br>3，女频《人间无数雨打去》by鹿门客<br>4，女频《圣母》by鹿门客<br>5，女频《系统之请叫我雷锋》by元月初一<br>6，女频《脱轨》by priest<br>7，女频《穿到明朝考科举》by五色龙章<br>8，女频《末日乐园》by须尾俱全<br>9，男频《将夜》by猫腻（2018.2.20）</p><p>10，男频《赘婿》by愤怒的香蕉（2018.7.11）<br>—————————————————————————</p><p><b>1，爱潜水的乌贼《奥术神座》</b></p><p>      这应该是公认的神作了吧？世界观新奇有趣，作者的三观也很正，文风也很不错，我看第一章的时候就很有一种欧洲中世纪滞涩沉郁的感觉。</p><p>      我个人觉得作者当时人物刻画虽然有一点不自然的地方，有些梗会重复的用，但还是比那些只会沿用套路的爽文好看多了。主要是那个清新脱俗的科学魔法世界特别吸引人，我追文过程中反反复复从头看了好几遍，愣是不想看别的文。</p><p>       里面关于探索真实世界的各种物理知识描写的特别有趣，当时是高中，真的就让我升起了对物理的无限兴趣( ´艸｀)</p><p><b>2，爱潜水的乌贼《一世之尊》</b></p><p>      看完奥术神座之后我一直在关注乌贼，这本书颇有侠士之风，文风也变成了古代侠客的潇洒风流，这让我尤其敬佩作者的笔功。</p><p>      主角性格跳脱却不失沉稳，配角形象也很丰满，前期情节很是畅快，算是伪无限流。但是作者很厉害的是对此有解释，后期剧情也是沿此展开，虽然稍显压抑，但真的能体会到主角那种反抗的爆发。</p><p>      总之是一股清流，读的时候真的让人感到很舒服，和奥术一样，从头反复看，这么久了，还没有找到一本能替代它地位的小说。</p><p><b>3，鹿门客《人间无数雨打去》</b></p><p>      这本书不长，我是熬夜看完的，看完之后我很痛苦，因为我觉得我短期内估计看不了任何古代小言了……这书吧……我觉得应该属于纪实类的。它完全不修饰古代，我只能说看完这个之后……</p><p>我无限庆幸我在新世纪啊！！<br>鬼才想穿越啊！！<br>古代的男人都是傻【哔——】啊！！<br>谁要跟他们谈恋爱啊！！</p><p>      里面的故事真是看得我心塞心酸心痛ಥ_ಥ。它站在劳苦人民的角度去仰望那些豪门贵族的做派，站在女性的角度去审视社会对女性的不公，顿时就让我觉得自己曾经向往的奢华“幸福”生活真是充满了罪恶和肮脏ಥ_ಥ。</p><p>       作者文笔很流畅，不是那种乱堆砌形容词，画大笔力描述外貌之类的华丽向写法，这本书是由一个个的古代各阶层女性挣扎的小故事串联起来的。其中一个关键词就有女权。</p><p>       总之也是一股清流，感兴趣的可以去搜来看看，如果想看点爽的就不推荐了……反正我看完这个之后我短时间内估计不会怎么想看小说了……</p><p><b>4，鹿门客《圣母》</b><br>        我看完《人间》之后我想，好吧看不了别的，我再来看看你还写了什么！<br>于是……艹，还好我本来就不爱看末世文：)</p><p>      这本书吧，它……宣扬人性，没错，我知道很多末世文开头就会说“这是末世，一个毫无希望、人性泯灭的世纪”啥的（这句话是我瞎编的），但它就是在末世宣扬人性了，还把我给洗脑了。</p><p>      我大概再也看不下去那些“重生金手指之后有恩报恩自己生存与全世界为敌的冷酷向女主”、“爱上丧尸坚信丧尸的善良为了爱情与全世界为敌的傻白向女主”、“自给自足安居一隅欢乐喜庆的种田向女主”的末世文了吧……</p><p>      女主重生前做的挺重要一事好像就是“抢救文物典籍”，重生之后马上就把末世信息上交了国家，救了很多人。大概是这种感觉，还有修仙篇，我还没看完，也不知道是怎么写的。</p><p>不管是写的好得让我“曾经沧海难为水”了，还是写的奇得致人郁闷看不进的，我觉得都是难得的好小说( ´艸｀)</p><p>不知道以后还能不能碰到这样的好小说，如果遇到了，我再给大家分享吧♬(ノ゜∇゜)ノ♩～</p><p>—————————————————————————</p><p>最近又看了一本……这样的小说，昨天熬夜到四点，今天九点起来又看到十二点，终于把它看完了。真的越看越……</p><p><b>5，元月初一《系统之请叫我雷锋》</b></p><p>非传统系统文，高智商斗文，非纯言情，现实政治向</p><p>说是非传统，主要是因为女主费心劳神，精于算计地完成任务，不是为了获得更好的生活，而是厌倦了永生，而是为了能死亡跟系统搭成协议，去帮助几个人重改生命轨迹。系统，女主和男主三方互相算计，最后居然是系统将看似掌控一切的女主的一切都算到了，不过女主最后翻盘，达成三赢。</p><p>虽然女主智商这么高，但是本文从来没有费笔墨去描述女主智商有多高，心肠有多冷，但是你就是能感觉到她的智慧和冷漠。她做的每一件事情，都是很微小的，但是这一点点微小的改变，总会掀起风浪，然后完成她的任务，有的时候一件事甚至可以达成她三四个目的，贼厉害。</p><p>而且作者的文笔也是很流畅实在的，不像现在很多小说里，动不动就大篇幅的外貌描写，特别华丽空虚，对剧情又没什么用，也就看个爽了。《系统之……》的剧情是很充实饱满的，发展节奏也很快，绝对没有因为感情线拖了主线的剧情。</p><p>虽然不是纯言情文，但是我觉得这本书的感情线比很多文里都自然。穿插在各种政治斗争和人心叵测中，他们的感情是跟着主线一起进展的，相互推动的。主线和感情线也是一波三折，跌宕起伏，根本停不下来，不然我也不会熬夜啦。</p><p>女主她跟其他系统文里的怂货不一样，她很有自己的个性的，她敢于算计系统的又能确保全身而退，甚至逼得系统升级数据。而且对政治斗争的暗暗讽刺，应该是这本书的一大亮点吧。</p><p>这书是写政治的，最可贵的就是文里没有作者对哪种行为的批评或者认同！它是不带主观性的评价，只是描写了这些事情的发生。所以我觉得这本书看起来是很舒服的，起码读者的对人物的观点没有被作者拖在地上跑（那些女配逆袭的文不就是这么出来的么）。</p><p>刚看完，心里总觉得有很多话想说，也没什么头绪整理出来，叙述就很乱很啰嗦，请大家见谅（鞠躬）。但这本书绝对是很优秀的，值得去看。虽然看完之后，可能会书荒……但……</p><p>—————————————————————————</p><p><b>6，《脱轨》priest</b></p><p>明天就要考试了，我却在这里卖安利【疲惫的微笑】。</p><p>p大出品，质量绝对有保障啊！文笔没的说，读起来流畅有感染力，不堆砌辞藻，也不口水化，但就是引人入胜，牵动人心。</p><p>这本书讲的是一个富家千金（除了有钱啥都没有的那种）被虚空病毒坑，进入平行时空，代替另一个连钱也没有的自己生活下去的故事。（病毒将人投入这个时空，剥夺他最重要的东西，然后引诱他选择返回原时空，等人被时空撕裂后代替那个人在原时空活下去）</p><p>主线是怀着一颗小姐心的主角挣扎而痛苦的成长史。主角性格极其鲜明，就是一个娇纵懦弱，死要面子，除了花钱什么也不会的大小姐，而这样一个人，硬是跌跌撞撞的活了下来。</p><p>一个能把十几万的包随手送人的大小姐，会为了省两块钱的公交费而选择在寒风中步行几公里，能为了心中一股傲气，窝在脏兮兮的黑网吧当网管就为了还清几百块的债。没有什么七里八里的神发展，主角也没啥金手指（如果大小姐的化妆术，嘲讽技和死要面子不低头的冲劲不算的话，再说，这也在很合理范围内）</p><p>我不知道该怎么形容，只知道看完之后，心里真的很触动。感情线比较淡，主要是主角挣扎活着的故事，文也不长，60几章而已。</p><p>我嘴巴笨，这个安利我卖的不好，我知道，但是真的很好看啊啊啊啊啊啊！！强烈安利啊啊啊啊啊啊！</p><p>p大的其他文有兴趣也可以去看哟，精品保障(ง •̀_•́)ง<br>—————————————————————————</p><p><b>7，《穿到明朝考科举》by五色龙章</b></p><p>这是一篇bl文，而且还未完结，轻松甜文，主受向，有金手指。</p><p>主线是主角从现代穿越到明朝之后发奋读书的故事，带着内含各种电影超大脑内硬盘，对眼中所见脑内自动生成PDF文件，然后还有一个会画画的金手指。（我感觉虽然这样看金手指还挺逆天的，毕竟是读书嘛，不过一个现代人要到古代去生存逆袭，果然还是需要一些金手指的。）</p><p>虽然金手指看起来逆天，但是在文里其实金手指的存在感并不是超强的那种，就是没有用金手指强行圆梗。</p><p>说完了可能的雷点，开始夸？</p><p>这篇文我觉得最棒的一点就是，它兼具男频官场文的流畅爽感和女频言情文的细腻自然！能做到这一点简直太不容易了好吗！我看过好几本男频的官场文的，都是官场奋斗看着很爽，一到感情问题我就看不下去，然后很多女频文会有逻辑不通，无病呻吟等各种问题。我看到这本书的时候简直超感动！</p><p>作者的文字流畅精炼，让人看的很舒服。而且作者比别人厉害的一点是！很明显她有做过很细致的功课。</p><p>说是考科举，很多文就一般形容一下努力啊，描述一下过程啊就过去了，但是这本书！作者会写出明朝文人精彩的诗文，附带赏析！（当然这样的章节作者会有提示说不影响主线可以不买）作者的原话是，你们可以不看，但是我特意学了却不写出来我很不甘心。</p><p>看古代文，最怕的就是有着挥之不去的违和感。但是，还好我没文化嘻嘻_(:D)∠)_【不。<br>可能是我菜，总之我是看不出来特别违和的地方。如果有人看出很不能忍的违和之处，麻烦不要跟我指出，谢谢(•ө•)。</p><p>然后讲一下我觉得很特殊的地方，别的官场文，主角影响的都是世界格局，超了不起。这个主角，他干了这么几件事：造铅笔，创彩印，设计舞台效果，出版教辅书，画连环画，谈恋爱【不。】。别的官场，看对历史名人，恨不得冲上去蹭点仙气，这个主角有机会当王明阳的老师他都忍住冲动克制住了，因为他怕他带来的蝴蝶效应把一代心学dalao给扇没了。好可爱啊！！</p><p>总之，这篇文就是很轻松，看着很愉快，适合像我这种热衷于看别人读书的咸鱼看嘻嘻～推荐推荐～！</p><p>（对了攻是一个锦衣卫，全程地下情，攻一直担心会影响主角的前途超贴心，而且他俩谈恋爱好甜啊嘤）<br>—————————————————————————</p><p><b>8，《末日乐园》by须尾俱全（目前最喜欢！）</b></p><p>感谢评论里的小可爱给我的安利！！！当天就去看了，后来隔了几天一发不可收拾，结果现在900多章就追平了……只能苦逼等更新</p><p>女主是个帅不拉几的糙大姐，日常装扮黑色工字背心加野战裤，目前没有定cp，但是女主初夜给了一个小姐姐hhhhhhhh</p><p>节奏很紧凑，详略得当，称得上一个跌宕起伏了，一口气看下来都不想停。文笔流畅朴实，但又不是口水话，比较凝炼，用词遣句也没有槽点，作者笔力还是很不错哒</p><p>世界观设定是在末日，前期借用平行空间理论，不同世界在差不多的时间点进入不同的末日，催生出人类两种进化方向——进化者和堕落种。进化者每在一个末日中存活14个月，就会随机传送到另一个世界。<br>看目前为止的剧情发展，作者应该会对世界本质作出一定的解释，比起其他的文，这一点很加分了。</p><p>可能存在的雷点是女主有些“圣母”。在人情道德沦丧的末日，女主基本上大部分的行动都是在为朋友奔波，很多时候……不对，应该说大部分时候，都会使自己置身死亡危机中：)<br>而且也并不能得到什么特别实质的好处，只是在她身陷险境的时候，能得他人的援手。说实话，很温暖不是吗？<br>而且文章从初陷末日开始讲起，很扎实地描写了主角一步步成长起来的过程，心理刻画细腻不累赘，剧情无硬伤发展不突兀。</p><p>在我看来，此文三观极正，主角是在尽力善良。末日背景下，善良反而是只有强者才能拥有的奢侈品，但女主不是那种智障圣母，她并不畏惧杀人，也没有自欺欺人地逃避杀人，实际上她是一个很坚强很勇敢却害怕孤独的人，所以才会为了朋友们倾尽全力辗转奔波。</p><p>主角不是智力型选手，行事基本靠直觉和蛮力，做个计划基本上就是“一起上，正面刚！”。<br>但女主有一个能力叫敏锐直觉（貌似是的），能调动潜意识察觉违和之处，所以也并不是个蠢蛋，只不过有点延迟，往往已经两脚踩进陷阱中才能反应过来是哪里不对233</p><p>还有一个值得说的点是氛围营造。这么说吧，我看书的时候几乎都是不自觉地肌肉紧绷凝神屏气的，等到看到成功脱离险境以后，才松一口气，发现自己原来浑身僵着。<br>不要说我戏精我不是戏精<br>真的就是这样的！<br>不光是事件的紧张和恐怖感，还有整个背景下沉闷阴郁绝望的感觉。我看书的那几个晚上，就没睡了一个好觉的，梦里都在打架，紧绷着神经:丨</p><p>超喜欢这本书的，吃我安利！！</p><p>——————————————————————————————————</p><p><b>9，《将夜》by猫腻</b></p><p>过年这几天无聊来更新～虽然这本书估计很多人都看过了，目前我看了45%左右，也只能写下我看的时候的体会与感受，欢迎大家一起讨论呀～<br>好像是哪天心血来潮，想起这一本神作，就翻出来想看看究竟是否名不虚传。结果……！！这tm也写的太好了吧！！！！我我我我都想不出辞藻来夸它了！！</p><p>先看文笔，文笔还是流畅凝炼，明显作者具有很好的文学功底。铺垫描述，气氛烘托十分到位，很有节奏感，擅用铿锵有力的短句牵动读者。打斗场景十分有画面感，且用词合理，场景塑造优秀。</p><p>再看设定，力量层次不算很高，非修行者也在大陆势力中占重要比例。但是我发现优秀的书，作者对他笔下的世界总有着很细腻很深层次的理解或者说设定，像力量来源，世界的真相等等。<br>随着主角不断成长变强，对所处世界的理解也逐渐加深，读者眼中的那层帷幕缓缓拉开，精彩纷呈的雄奇大陆一点点展现在我们眼前，实在是令人欲罢不能。</p><p>对于感情线，作者在动笔之前肯定也已经有了清晰的脉络。虽然成长途中也安排了不少各色的优秀女孩子与主角有感情经历，但远远称不上纠葛，蜻蜓点水而已。两人也随着年龄增长，慢慢明晰自己的心意，由兄妹之情一点点过渡到了爱。这个过程是很自然的穿插在文章中的，处处都是细节伏笔。</p><p>说到最令我惊叹的一点，就是对于情节的安排。大部分（起码我看过的）的网文，都是通过安排实力远超主角的敌人来制造压力，在小小吃瘪后便会反击，所谓小抑大扬。起码都没有在天赋，实力和悟性上太为难主角。<br>这一本就厉害了 ——主角，根本就没有修行天赋！而且还不是说说而已的那种浮于表面的设定，我看过的前45%里，起码有一半以上的篇幅主角都在和天赋挣扎，而且还是蚍蜉撼树，螳臂挡车一样的那种挣扎。后来是他去暗杀仇人，结果人家是个修行者，最后濒死了得贵人相助，才勉强打通气穴，堪堪可以修行。<br>不过虽然主角十几年都无法踏上修行路，一旦走上来了，短短两三年就已经一飞冲天了，这大概就是一鸣惊人了吧。<br>作者敢于在前期做这样的安排，真的可以说是很有魄力了，没有深厚的笔力和情节把控能力敢这么写？真的佩服猫腻呀～</p><p>然而应该也不是没有瑕疵，我回忆我看书的感受，的确是在惊叹贪婪中夹杂着几缕不自然不舒服的。但是吧，限于个人水平，我并不知道问题出自哪里，甚至也有可能只是我个人的成长经历导致的，所以，这个点就仅做参考啦。<br>2018.2.20</p><p>将…将夜我有点不想推了_(:з」∠)_当然前期是很好看的，但是看到最后几百章之后…我就觉得阅读体验大幅下降，也不知道为什么，总之就是感觉看的不舒服了。</p><p>概括一下可能就是剧情变扯，各种环境渲染气氛渲染前期铺垫太多，往往一个动作要用好几段话去写，从心理动作到行动原因详详细细的描述一遍然后，""于是，他闭上了眼""这样子(°ー°〃)</p><p>也不太自然，给人一种用力过猛的装13感……当然前期还是很优秀的，各种人物有血有肉，嗯…</p><p>2018年3月25日</p><p>——————————————————————</p><p><b>10，《赘婿》by愤怒的香蕉</b></p><p>其实我最近半年来，都没有看到优秀到让我想推荐的小说，再加上把知乎给卸了，所以一直没有更新。这本《赘婿》……我其实也在犹豫到底要不要推荐……emmmm</p><p>其实赘婿名气还挺大的，概括一下的话，这就是一本经典的男频后宫穿越爽文。什么意思呢，就是爽文的优缺点它一个不落的全都有，首先说雷点（我才看到几十章）。</p><p>1.所有优秀女性皆为男主宁毅后宫预备成员</p><p>目前我看到的地方百章不到，已经出现了大家闺秀、俏丽丫鬟、从良名妓、冷酷杀手等美人，全是男主的。这也还好，后宫文我又不是没看过是吧，这有什么好气的。</p><p>让人气的是，男主压根没把她们任何一个放在心里，但这些优秀女性就一个两个纷纷自我攻略，明知没有未来仍暗许芳心，并且不约而同默默决心追随。</p><p>2.男性角色。分为两种，一是各种吃醋和男主作对的，结局当然是送了一波肥快递，二是欣赏男主的，比如退休老官员啦，中老年驸马爷啦，某才子啦。</p><p>总之某个人物一出现你就知道他出现在这本书里的意义，要么是后宫预备役，要么是快递员，要么是铺路的。</p><p>(´-_ゝ-`)这大概就是男频中的玛丽苏了吧，宁毅他就是朵白莲花！</p><p>看到这里，很多人可能就想问了，那你还推个毛线玻璃球！我……先抑后扬？？</p><p>我虽然才看了几十章，但是这个作者的文笔也太他妈好了吧…….._:(´_`」 ∠):_ …剧情人设那是没得说的，人家毕竟是11年开的文，人物摆在现在那也是毫不逊色的。你看我前面吐槽得那么开心，我也不得不承认男主他性格还真就是很讨人喜欢，时代优秀女性一个两个喜欢上他也是有细致的铺垫的，感情发展hin自然！</p><p>我的意思就是我前面喷的都是作者，主角是无辜的。当然我这句话一说出来你们可能也能感受到这个作者的笔力了，这才是真正的白莲花花王啊。</p><p>还有剧情，不过我才看到几十章，剧情还没铺开呢我就不说了…剧情节奏那都是爽文的基本素质～</p><p>另外就是作者本身的文化素养，虽然主角也抄了那么两首词吧，但是我还真是第一次看到词和剧情融合得这么好的。整体氛围营造得很好！</p><p>没有尴尬的大白话，也没有故作姿态的仿古句，作者完全是仗着自己文笔好节奏好人设好，硬生生把这种俗不拉几的剧情写得跟真的样的……再说……毕竟是11年的老文了…我决定宽容(´-ι_-｀)</p><p>现在想找本文笔好的小说也不容易了……所以我打算捏着鼻子看下去。最后提醒一句看到这里意欲入坑的小可爱，此文，月更。</p><figure><noscript><img src=""https://pic2.zhimg.com/v2-8145ae6d644f9707f40d8ed174f9ae61_b.jpg"" data-rawwidth=""1080"" data-rawheight=""604"" data-size=""normal"" data-default-watermark-src=""https://pic3.zhimg.com/v2-6e1c23f659799ec5ab253a8d990e1fa2_b.jpg"" class=""origin_image zh-lightbox-thumb"" width=""1080"" data-original=""https://pic2.zhimg.com/v2-8145ae6d644f9707f40d8ed174f9ae61_r.jpg""></noscript><img src=""data:image/svg+xml;utf8,&lt;svg%20xmlns='http://www.w3.org/2000/svg'%20width='1080'%20height='604'&gt;&lt;/svg&gt;"" data-rawwidth=""1080"" data-rawheight=""604"" data-size=""normal"" data-default-watermark-src=""https://pic3.zhimg.com/v2-6e1c23f659799ec5ab253a8d990e1fa2_b.jpg"" class=""origin_image zh-lightbox-thumb lazy"" width=""1080"" data-original=""https://pic2.zhimg.com/v2-8145ae6d644f9707f40d8ed174f9ae61_r.jpg"" data-actualsrc=""https://pic2.zhimg.com/v2-8145ae6d644f9707f40d8ed174f9ae61_b.jpg""></figure><p><br>——————————新年的话——————————<br>这篇回答应该是我在知乎里第一篇认真写下来的回答，写下来更多也是为了记录自己看到的优秀小说。在这里拿到的60多个我在热点争议话题中抖机灵拿到的600多个赞还要让我高兴～</p><p>我目前书龄13年，也是从霸道总裁爱上我小时代斗罗大陆一路看上来的。随着年龄增长心情变化，我看书的口味也在不停地变化，这是在卖安利，更是对我生活轨迹一点小小的记录。而且，我写推荐评价的语气也在变，前几个写的就明显很做作，之前还夹杂着一些蠢不拉几的颜文字（然后有一天我翻自己的回答的时候忍无可忍全删了）。<br>所以，在我卸载知乎或戒小说之前，这篇回答都会一直更新下去（壮志豪云）！</p><p>……我去加个目录和时间会不会更好一点（兴奋）！</p><p>写这篇回答以来，评论区一直十分友好，有感谢我的，反馈吃了安利很合口的，给我推荐书的……真的很开心！</p><p>我之前一直对在答案末向人求赞的行为感到不屑，心想何必呢，写得好人家自然会赞你，收藏感谢也一样啊，何必非要那一个赞呢？</p><p>但是现在似乎有点理解了。就好像第一次品尝到收到礼物的快乐，以后就不禁开始期待礼物，第一次被别人肯定，以后就不由得开始期待别人的赞扬一样。对于这个我认真写下的答案，希望得到你们肯定的心情也越来越强烈。</p><p>就怪不好意思的……嗯……如果有人已经不嫌啰嗦地看到了这里，也请不嫌麻烦的点赞吧谢谢！！如果有评论就更好了（逃</p><p>我刚刚去看了一下高赞答案。emmmm……莫不是因为我废话太多了？</p><p>2018.2.20<br> ——————————说完了——————————</p>"
112,间客
111,雪中悍刀行
110,高票回答是因为大而全吗？至少里面很多达不到题目描述的水准。<br><br>至少要做到，你看完这本小说后，同类型其他小说看上四五章就放弃，最后干脆被迫换类型看。<br><br>从这角度来说：<br>1、无限恐怖，看完其他无限流真心读不下去<br><br>2、国王陛下的作品，读完后腹黑崩坏系无法找到媲美的<br><br>3、蝴蝶蓝的作品，看完其他网游类就算了<br><br>4、龙蛇演义，功夫类小说本来就少，这本又写的特别好<br><br>5、而穿越类感觉没有哪部小说读完会导致你没心思看别人的穿越，有人列了一大堆穿越文，请问到底推荐的四五本里哪本读完会导致没兴趣读其余几本，如果有那就只能推荐这一本，如果没有就应该像我这样一本都答不上来，虽然我也喜欢新宋、回明，锦衣夜行，庆余年等，但我觉得其中没有一本会明显让其他基本失去阅读兴趣。<br><br>6、玄幻修真类也类似。其实越是大品类作品之间的差距就越接近。<br><br>7、鬼吹灯，我个人觉得比盗墓好，盗墓笔记读了一半放弃了。<br><br>还有不是网络小说的，三体自然是，看完三体甚至其他类型小说都看不进去了不光科幻。还有常书欣的黑锅，超级大忽悠，都市底层市民智慧和警匪和饮食三者结合。<br><br>我很希望再出现一本让我看的时候停不下来，看完后同类型书根本看不下去的书，但没有前我不会乱推荐，虽然确实有不少好书陪伴我闲暇时光，但很多书没能达到看完就看不进去别的书的级别。欢迎大家评论帮我推荐。前提是跟我观点口味接近的帮我推荐下。
86,看不下别的书太严重了吧？很喜欢的倒是可以推荐几本。<br>《饕餮娘子》很平和的文风，是个惊悚类小说，但是也不那么恐怖啦，吃货比较喜欢，每个章节都有一道菜，每个章节都是一道菜名。<br><br>《宝珠诡话》一颗珠子化身傻白甜，一个麒麟一只狐狸精化身的帅哥守在其身旁，人物设定是有点老套，内容还不错，脑洞开的大，小女孩应该比较喜欢。<br><br>《异闻录：每夜一个鬼故事》这个是很早的时候看的，这么多年来我仍然在看，题材和内容都很新颖，从手机换到kindle，仍然在我书单里。<br><br>作为女娃子怎么能少了言情的网文呢！<br>推荐《彼岸有妖》！女主角是一只白虎，男主角是一个妖孽，设定都很老套，亮点在于女主角既不是傻白甜也不是心机深沉的冷美人，而是一个长得奇丑无比的猥琐女流氓！笑点太多，上学时推荐给男生看，他们也能看下去。大结局是女主角和每一个喜欢她的男人过100年，各种乱CP，但是竟然和谐无比呢……<br>《十年一品温如言》高干文，女主是个温柔学霸，男主美貌妖娆，有杰克苏之嫌，但是两个人的经历与感情太坚固了，超越了一切爱情亲情友情的范畴，挺感动的。<br><br> 《浮生物语》和《哑舍》不需要多推荐了吧，有些真的是戳了我泪点。T_T<br><br>好吧我喜欢的类型都是里面分很多个完整的小故事那种。<br>最后安利一部剧，《灵魂摆渡》，爱奇艺的网络自制剧，我看除了微博这个剧好像也没有特别大的关注，甚至爱奇艺自己都没有过多的去推送，五毛特效，画面和人物设定都很粗糙，但是里面的小故事很好看，三观很正，非常良心，有些借鬼怪故事影射当下的一些现象，无聊时可以用来消磨时光，个人觉得第一季更好看，第二部看了觉得稍显拖沓了，感觉剧组也不是一般的穷……<br>暂时安利到这里，想起再更。
84,倒没有看不下其它小说，不过看了《无限恐怖》之后，其它跟风的无限流都看不下去
55,全职高手！！<br>看完以后看不进去别的网游文…虽然失落叶的斩龙也不错，不过完全没有每天盼望着回去看的感受。
54,看完耽美小说就再也看不下去言情小说了。。。然后就无奈的腐了。。。
50,惊悚乐园(o^∀^o)
49,别……拿……穿……越……不……当……工……作……<br><br><br>特别好看！
46,大风刮过《张公案》<br><br>大风，文笔一流，对人物塑造把控超一流。<br>我在吹但没有闭眼吹。<br><br>而张公案是她磨剑之作。<br><br>当时我看到谢赋一角的时候，我就拜倒了。他只是个不起眼的小人物，但他的灵魂却如此独特如此令人记忆犹新。<br><br>大风用寥寥几笔就塑造了一个可悲可叹可笑可怜的文人形象，宛若他就在我面前。<br><br>谢赋，是我对张公案最深刻的记忆。<br><br>大风的优势不在于故事，而在于人性。文风幽默风趣却又黯然销魂，笑过之后泪流满面。很少有网络小说作者能做到这一点。<br><br>甚至……<br><br>不说了，再说我真的是闭眼吹了。<br><br>还有一段，陈张决裂。令人怅然若失良久，可惜……可惜……<br><br>大风不像抄袭她的那些人，笔下配角只是个泥塑，就连主角都是泥塑。大风笔下的谢赋、陈筹，甚至路上卖油饼的老翁，都是活生生的人，他们是灵魂在她的笔尖跳跃……
39,赘婿
38,不太同意@唐缺的观点。下面开始回答<br><br>有的。<br><br>以我的理解，题主所说的状态应该是当看完一本书后意犹未尽，想要找另一本书旗鼓相当的同类型书来延续之前的快感（？这词有待商榷），却无法找到的那种失落。<br><br>其实就是书荒。<br>一本好的小说，总会有一处亮点能触到你的G点，可能是情节，或者是文笔。别说找另一本，就算是续集也未必做得到（无限恐怖…只想骂一句，张恒这个大坑b）<br><br>所以，推荐环节<br>第一本就是，无限恐怖。<br>情节很特亮，斗智斗勇斗中二，但中二得恰到好处（网上很多人说是抄杀戮都市，但我看完书之后看杀戮都市，完全没联想到无限恐怖…嗯，网上的评论是再再之后才看到的）<br><br>狼群。<br><br>相当燃，看了好多遍。虽然故事很揪心很黑暗，尺度很大（主角外号食尸鬼）但整本书都很向上。坚韧不屈，就是我看到的，也应该是作者想说的东西。<br><br>天行健<br><br>书的类型应该是架空历史魔幻战争巨作？战争描写的极好，氛围烘托得让读者身临其境，将主角心境完全展露出来却不生硬，文笔细腻。（好吧我文笔捉急，写不出心中赞叹的万分之一，唯一缺陷就是后期场面过大，掌控不住了。）<br><br>暂时就这几本能让我完全沉溺其中，看完之后就没好书了的感觉。事实是我找了两个月都找不到同类型能比肩的小说。<br>亵渎，悟空传等都是神作，但给不了这种感觉。
37,桔子树的《麒麟》，超级喜欢队长！
35,有两本。高一的时候，我接触到一本“大部头”—凡人修仙转，我发现这就是我要找的仙侠味道啊，当天夜里挑灯夜战，不知东方之既白。<br>后来还没看完呢（两年后才知道当时并没连载完），就被老师收走了，因为上课看。。<br>然后我就不看网络小说了！因为之前津津有味的小白文我再也看不下去了（农村的孩子当时没有手机，苦逼）<br>直到高考后，我开始用智能机，才重新追凡人，当时还是没完结。。<br>从此，我开始追求质量，有一点别扭就弃书，看得虽多却极少看完，甚至超出一百章都寥寥<br>看蛊真人之前，我已经书荒很长时间，凡人烂尾，忘语新书我想呵呵，找了很久真正喜欢的书一本也再没发现<br>蛊真人听名字略带中二，让人不知所云，前期我差点没看下去，感觉也和普通快餐书差不多就是不小白点，就要弃书，故事却一下精彩起来，看下去设定合理滴水不漏。<br>这下我再也看不下去其他几乎所有书了，这本书已然在我心中是网文最高地位。<br>看到前面这两本书都有被提到，我挺开心哈哈
34,鬼喊抓鬼，看完它我心中再也容不下其他搞笑热血吐槽文了，和惊悚乐园一个作者
33,《回到过去变成猫》<br>(=￣ω￣=)
32,我吃西红柿的吧，他的小说看过后恶心的看不下其他的小说了
31,必须《诛仙》。<br>高中的时候，看完了这部就不想看其他的小说了，郁闷
30,猫腻！看了十年小说，看了猫腻的书，真心看不下去其他的小说……就是现在出名了整天划水
29,《神游》徐公子胜治的书，当年看完后对所有小白文失去了兴趣。
27,二狗在哪里。。。。
26,梦入神机的《龙蛇演义》是目前为止我看过国术写的最好的，没有之一，每年都看一遍<br>风御九秋的《残袍》写的也是非常的出色，每年看一遍<br>知秋的《历史的尘埃》这是经典，每年看一遍<br>尼罗的《无心法师》看过之后，不知道为什么有点伤春悲秋，只看了一遍，就不再看了
25,强答一发吧。风凝雪舞的《亦筝笙》<br>民国背景下的故事，说言情则它的格局太大。读罢唏嘘不已。很难从悲情的故事中走出来。<br>文案什么的就不说了，很久前看的现在印象依旧深刻，我想女生应该会更喜欢这部小说吧，欢迎读后再来点赞。
24,烽火的书<br><br>以下摘自烽火的《雪中悍刀行》：<br>1.一个家族表面上蓊蔚洇润，气象雍容，没用，大多内里中空，尤其忧心后继无人，越是富贵豪族，一旦儿孙一代不如一代，远比入不敷出内囊渐尽来得可怕。<br><br>2.雄兵百万可伏，国贼一个可畏。<br><br>3.苍颜白发人衰境，黄卷青灯空心，听说人世最苦是衰境，修为最难是空心，怎样的阅历，才会让人如此心如止水？<br><br>4.五十年鸿业，说与山鬼听。<br><br>5.悲欢离合、富贵窘穷、思慕、酣醉、不平、怨恨，动于心，成于字，方可与天地合。<br><br>6.轻仇者寡恩，轻义者寡情，轻孝者最无情。<br><br>7.无情人看似无情，反而最至情。<br><br>8.最苦是相思，最远是阴阳。<br><br>9.睡到二三更时凡荣华皆成幻境，想到一百年后无少长俱是古人。<br><br>10.吾心安处即吾乡<br><br>11.做人逆势如饮酒，顺势却如倒茶<br><br>12.世间不如意事七八九，能与人言一二三都无，才算坎坷。<br><br>13.有些话不说透，自欺欺人，就可以糊涂一世，打打闹闹轻轻松松。可挑明了，便是仙人也断然没有斡旋余地。<br><br>14.拿起什么不算重，放下，才吃力。<br><br>15.人生当苦无妨，良人当归即好。<br><br>16.成事者，不惟有超世之才，亦必有坚韧不拔之志。<br><br>17.天地是大，所站不过方寸地，人生苦短，才百年三万六千五百日，糊糊涂涂过了一辈子，就很好。<br><br>18.世间文字八万个，唯有情字最是能杀人。<br><br>19.有些女子，明知很不好，可就是放不下的<br><br>20.江湖人与士子一般无二，大多死心眼，打人是恩怨，打脸却是死仇。<br><br>21.江湖是什么，是一张珠帘，女子便是那些珍珠，串出了恩怨情仇，串成了江湖。<br><br>22.人生无常，福祸相依。<br><br>23.女子如画，素手研磨，红袖添香，又如何比得在锦绣江山中独立鳌头？<br><br>24.年轻人就像一张新弓，不被生活拉弦到一个夸张幅度后，是不会知道自己有多少潜力的。<br><br>25.衣能暖十分，饭可饱七八胃，茶可喝到五六味<br><br>26.青草明年生，大雁去又回，春风今年起，公子归不归，青石板青草绿，青石桥上青衣郎，哼着金陵调，谁家女儿低头笑？黄叶今年落，一岁又一岁，秋风明年起，娘子在不在，黄河流黄花黄黄河城里黄花娘，扑着黄蝶翘，谁家儿郎刀在鞘？<br><br>27.有些人有些事，不提起，不代表忘记。往往是能轻易说出口的人事，才容易褪散。<br><br>28.世间但凡万物，有不平则鸣<br><br>29.火大无烟，水顺无声，人之情苦至极者无语。<br><br>30.说话如见杯中茶，如纸上画龙，都是留白才有余韵。<br><br>31.人生两苦，想要却不得，拥有却失去。<br><br>32.生死何其大，生死何其小。<br><br>33.天下事意外者十有二三，世人只见得眼前无事，便都放下心来<br><br>34.匹夫悍勇无礼则乱禁，书生悍勇无义则乱国。君子悍勇不在胜人，而在胜己。<br><br>35.人心本炎凉，非世态过错。<br><br>36.天下家国败亡，逃不出积渐二字祸根。天下家国兴起，离不开积渐二字功劳。<br><br>37.人在屋檐下，给人低头做事是本分，但也别忘了抬头做人，因为这是咱们打从娘胎落地起就不能丢掉的本分。<br><br>38.浪成于微澜之间，风起于青萍之末。惊蛰一过，百虫群出，闻风而动。<br><br>39.人生在世不称意，求自在之人往往不自在，有所求必然是有所不得<br><br>40.何时做到心如止水，何时就算真正放下，才算彻底两清。<br><br>41.可与人言无二三，鱼自知水寒水暖；不得意事常八九，春不管花开花落。<br><br>42.人有所执，则痴，则真。其中好坏，岂是三言两语能够道尽意味的。<br><br>43.见到对方之前，不知情为何物，错过之后，更不知情为何物。<br><br>44.卦不敢算尽，只因世道无常。情不敢至深，唯恐大梦一场。<br><br>45.世间痴情男儿，不论地位高低，大抵都是喜欢女子便是错了，而且希望能一辈子知错不改。<br><br>46.女子无情时，负人最狠。女子痴情时，感人最深。<br><br>47.世事无奈人无奈，能说之时不想说，想说之时已是不能说。<br><br>48.闻益言如赠金，闻重语如负山。<br><br>49.书上说，天下没有不散的宴席。<br>可书上也说了，人生何处不相逢。<br><br>50.无醇酒美人不愿来此世间，无快剑挚友不愿老此江湖<br><br>51.世间人，纵是不舍，终有离别。<br>世间事，纵有遗憾，且放心间。<br><br>52.天不生我李淳罡，剑道万古长如夜<br><br>53.春复一春，枝头黄莺飞。秋复一秋，城头大雁归。一年复一年，等了很多年。北凉佩刀郎，马革裹尸回......<br><br>54.董家儿郎马上刀，马上矛，死马背，死马旁。家中小娘莫要哭断肠，家中小儿再做董家郎。<br><br>55.来来来，试听谁在敲美人鼓！来来来，试看谁是阳间人！<br><br>56.世间百态就是一面镜子，用心多看一个人，就等于多擦拭一次镜面。了应须自了，心不是他心，先做个明白人。<br><br>57.莫说我穷得叮当响，大袖揽清风。莫讥我困时无处眠，天地做床被。莫笑我渴时无美酒，大江是酒壶……世上无我这般幸运人，无我这般幸运人啊……<br><br>58.卦不敢算尽 只因世道无常<br>情不敢至深 唯恐大梦一场<br><br>59.世间伤病千百种<br>情伤病入膏肓<br>心病无药可救<br><br>60.江湖从此去，一蓑烟雨任平生。<br>此生转身后，也无风雨也无晴。<br>金戈铁马。<br>写意风流。<br>慷慨激昂。<br>波澜壮阔。<br>浩然正气。<br>书声琅琅。<br>珠帘叮咚。<br>天下太平。<br><br>61.情之一字，不知所起，不知所栖。不知所结，不知所解。不知所踪，不知所终。<br>不知你所知，我不知所止。<br><br>62.生死之间见生死。走投无路之时，最能见人性情根骨。<br><br>63.世间人，难分黑白。世间事，却有对错。<br><br>64.喜欢之人喜欢，便是世间第一欢喜事<br><br>65.你便是我的禅，秀色可参<br><br>66.天地是大，所站不过方寸地，人生苦短，才百年三万六千五百日，糊糊涂涂过了一辈子，就很好。<br><br>67.以清字解情字，两个偏旁分别是水和心，何时做到心如止水，何时才算真正放下，才算彻底两清。<br><br>68.聪明伶俐本天生，懵懂纨绔未必真。<br>荒唐只因时势起，金戈戎马谈笑深。<br>九曲长河比心浅，十重铁骑如雷震。<br>岂会酒色忘江山，才知诗书误世人。<br><br>69.不握剑了，握她的手，这样的江湖比什么都好。
23,蛊真人<br>别和我说三观不正什么的，我在高三开始看，这本书在一定程度上支撑了我的高三！哪怕后来有点水。
22,《悟空传》啊。<br>看了三遍，太热血了，看的时候一身鸡皮疙瘩（激动的）。整天都意淫自己变成孙悟空跟谁打一架，彰显一下我“虽千万人吾往矣”的气魄，当然没心情看别的书。
21,全职高手……然后就入坑了现在没爬出来……
20,没人提《十宗罪》么，我看完了一到四部，喜欢故事而且也喜欢那样的叙事风格，每个人都不是绝对的恶或善。
